-- VisitorTrack data dump for MySQL
-- Generated by generate_data_sql_mysql.py

SET autocommit=0;
START TRANSACTION;

INSERT INTO `rooms` (`room_id`, `name`, `floor`) VALUES
  (1, 'Room 1', 1),
  (2, 'Room 2', 0),
  (3, 'Room 3', 2),
  (4, 'Room 4', 1),
  (5, 'Room 5', 1),
  (6, 'Room 6', 2),
  (7, 'Room 7', 1),
  (8, 'Room 8', 1),
  (9, 'Room 9', 0),
  (10, 'Room 10', 0),
  (11, 'Room 11', 0),
  (12, 'Room 12', 1),
  (13, 'Room 13', 2),
  (14, 'Room 14', 1),
  (15, 'Room 15', 1);

INSERT INTO `exhibitions` (`exhibition_id`, `name`, `exhibition_start`, `exhibition_end`, `room_id`) VALUES
  (1, 'Exhibition 1', 2025-11-02, 2025-12-06, 14),
  (2, 'Exhibition 2', 2025-11-10, 2025-12-01, 14),
  (3, 'Exhibition 3', 2025-10-25, 2025-11-24, 2),
  (4, 'Exhibition 4', 2025-11-02, 2025-11-15, 8),
  (5, 'Exhibition 5', 2025-09-18, 2025-11-15, 2),
  (6, 'Exhibition 6', 2025-12-07, 2026-01-19, 15),
  (7, 'Exhibition 7', 2025-12-07, 2026-01-16, 10),
  (8, 'Exhibition 8', 2025-10-25, 2025-11-18, 9),
  (9, 'Exhibition 9', 2025-10-06, 2025-11-23, 4),
  (10, 'Exhibition 10', 2025-11-13, 2025-11-20, 4),
  (11, 'Exhibition 11', 2025-10-03, 2025-10-24, 5),
  (12, 'Exhibition 12', 2025-10-07, 2025-10-15, 10),
  (13, 'Exhibition 13', 2025-10-17, 2025-11-12, 10),
  (14, 'Exhibition 14', 2025-10-17, 2025-12-15, 1),
  (15, 'Exhibition 15', 2025-11-12, 2025-12-10, 8);

INSERT INTO `exhibits` (`exhibit_id`, `name`, `author`) VALUES
  (1, 'Eius Dolorum', 'Brian Williams'),
  (2, 'Tenetur Unde', 'Ashley Jones'),
  (3, 'Recusandae Officia', 'Heather Allen'),
  (4, 'Nesciunt Numquam', 'Dr Craig White'),
  (5, 'Aut Veritatis', 'Sam Mahmood'),
  (6, 'Enim Quasi', 'Brian Wright'),
  (7, 'Dolores Quo', 'Cameron Crawford'),
  (8, 'Earum Architecto', 'David Baker'),
  (9, 'Totam Nisi', 'Kathryn Jones'),
  (10, 'Et Officiis', 'Mr Robin Thomas'),
  (11, 'Voluptatem Nemo', 'Ashleigh O''Donnell'),
  (12, 'Nisi Quia', 'Katie Lane-Hall'),
  (13, 'Eos Odit', 'Mrs Beverley Thompson'),
  (14, 'Facere Voluptatibus', 'Gordon Williams'),
  (15, 'Ad Error', 'Michael Hammond-Khan'),
  (16, 'Vel Deleniti', 'Ms Denise Cox'),
  (17, 'Laboriosam Consequatur', 'Amy Barker-Heath'),
  (18, 'Ea Dolores', 'Tracy Quinn'),
  (19, 'Doloribus Facere', 'Paige Davies'),
  (20, 'Temporibus Aspernatur', 'Charlene Henderson'),
  (21, 'Suscipit Suscipit', 'Amanda Perkins'),
  (22, 'Eligendi Rem', 'Katy Lee'),
  (23, 'Culpa Omnis', 'Ryan King'),
  (24, 'Magni Accusamus', 'Harriet Price-Hayes'),
  (25, 'Tempore Magnam', 'Bruce Allen'),
  (26, 'Vel Quae', 'Pieter Stashkov'),
  (27, 'Necessitatibus Atque', 'Clare Griffin'),
  (28, 'Eum Modi', 'Miss Cheryl Riley'),
  (29, 'Dicta Tempore', 'Miss Jane Foster'),
  (30, 'Similique Nisi', 'Pieter Stashkov'),
  (31, 'Minima Beatae', 'Dawn Fry-Williams'),
  (32, 'Cupiditate Asperiores', 'Dr Sean Cross'),
  (33, 'Eius Doloribus', 'Duncan King'),
  (34, 'Eligendi Placeat', 'Hugh Sharp'),
  (35, 'Accusantium Temporibus', 'Robin Shaw'),
  (36, 'Ratione Aperiam', 'Wendy Williams-Bibi'),
  (37, 'Delectus Adipisci', 'Emily Cole'),
  (38, 'Atque Temporibus', 'Natasha Mason'),
  (39, 'Minus Tenetur', 'Brenda Wood'),
  (40, 'Id Asperiores', 'Miss Rosie Woods'),
  (41, 'Laborum Hic', 'Gerard Hamilton'),
  (42, 'Iusto Aliquam', 'Mr Louis Bell'),
  (43, 'Suscipit Unde', 'Amelia Parkes-Stokes'),
  (44, 'Esse Adipisci', 'Martyn Howells'),
  (45, 'Ipsum Odio', 'Mr Geoffrey Bradley'),
  (46, 'Dolore Officiis', 'Charlie Farrell-Black'),
  (47, 'Quod Assumenda', 'Shaun Phillips'),
  (48, 'Modi Vitae', 'Dr Joe Barker'),
  (49, 'Nam Maxime', 'Frances Wells'),
  (50, 'Nobis Dolorum', 'Miss Bethan Willis'),
  (51, 'Iusto Molestias', 'Mrs Joyce Clark'),
  (52, 'Nihil Impedit', 'Mohammad Payne'),
  (53, 'Cum Commodi', 'Pieter Stashkov'),
  (54, 'Tempore Quidem', 'Declan Pearson'),
  (55, 'Cumque Nesciunt', 'Lauren Little'),
  (56, 'Similique Atque', 'Jill Haynes'),
  (57, 'Doloremque Tempore', 'Pieter Stashkov'),
  (58, 'Facere Nostrum', 'Pieter Stashkov'),
  (59, 'Expedita Ipsa', 'Mr Richard Brady'),
  (60, 'Sunt Quisquam', 'Pieter Stashkov'),
  (61, 'Cum Veritatis', 'Fiona Rowe'),
  (62, 'Veritatis Itaque', 'Ross Morris'),
  (63, 'Sequi Reiciendis', 'Richard Cross'),
  (64, 'Atque Omnis', 'Sara Francis'),
  (65, 'Nemo Explicabo', 'Dr Iain Butler'),
  (66, 'Rerum Autem', 'Mr Lewis Williams'),
  (67, 'Quos Ullam', 'Pieter Stashkov'),
  (68, 'Temporibus Iusto', 'Gillian Boyle-Walker'),
  (69, 'Recusandae Accusantium', 'Ellie Davies'),
  (70, 'Blanditiis Eligendi', 'Alexandra Smith'),
  (71, 'Ad Voluptates', 'Denis Dennis'),
  (72, 'Aperiam Dolorum', 'Dr Gary Atkinson'),
  (73, 'Nesciunt Quaerat', 'Gemma French'),
  (74, 'Recusandae Inventore', 'Pieter Stashkov'),
  (75, 'Iste Corrupti', 'Kieran Williams'),
  (76, 'Debitis Beatae', 'Dr Bradley Mellor'),
  (77, 'Quibusdam Tempore', 'Maurice Peters-Smith'),
  (78, 'Cum Nesciunt', 'John Gough'),
  (79, 'Veritatis Sunt', 'Kayleigh Wilkinson'),
  (80, 'Aut Ex', 'Barry Stone'),
  (81, 'Id Asperiores', 'Sandra Edwards'),
  (82, 'Corrupti Corrupti', 'Pieter Stashkov'),
  (83, 'Corporis Aliquam', 'Pieter Stashkov'),
  (84, 'Ipsum Incidunt', 'Mathew Brown'),
  (85, 'Quisquam Ipsa', 'Mohammed Brown'),
  (86, 'Soluta Excepturi', 'Glen Browne'),
  (87, 'Est Sequi', 'Bethany Edwards'),
  (88, 'Enim Impedit', 'Rosie Hall'),
  (89, 'Sint Accusamus', 'Pieter Stashkov'),
  (90, 'Delectus Dolor', 'Mr Julian Patel'),
  (91, 'Pariatur Eius', 'John Scott'),
  (92, 'Itaque Laborum', 'Pieter Stashkov'),
  (93, 'Ab Doloremque', 'Naomi Smith'),
  (94, 'Perspiciatis Laboriosam', 'Pieter Stashkov'),
  (95, 'Vel Optio', 'Mr Andrew Farmer'),
  (96, 'Voluptates Rerum', 'Billy Dodd'),
  (97, 'Aliquid Est', 'Mr Oliver Jones'),
  (98, 'Eligendi Totam', 'Mr Ricky Wilkins'),
  (99, 'Quos Quae', 'Marian Wilson'),
  (100, 'Modi A', 'Mr Lewis Parker'),
  (101, 'Cumque Labore', 'Robert Briggs'),
  (102, 'Commodi Animi', 'Albert Kaur'),
  (103, 'Consequuntur Libero', 'Julie Humphries'),
  (104, 'Dolores Delectus', 'Ben Moore'),
  (105, 'Officiis Inventore', 'Mr Douglas Robinson'),
  (106, 'Expedita At', 'Pieter Stashkov'),
  (107, 'Culpa Excepturi', 'Francis Farmer'),
  (108, 'Optio Ipsa', 'Stephanie Hussain'),
  (109, 'Rerum Consequuntur', 'Martin Harrison'),
  (110, 'Eligendi Ipsum', 'Pieter Stashkov'),
  (111, 'Voluptates Iste', 'Bethan Lee'),
  (112, 'Accusamus Aperiam', 'Pieter Stashkov'),
  (113, 'Laborum Voluptatum', 'David Baker'),
  (114, 'Minima Tenetur', 'Louis Hughes'),
  (115, 'Unde Aspernatur', 'Charlie Warren-Bryan'),
  (116, 'Blanditiis At', 'Harry Bishop'),
  (117, 'Officiis Enim', 'Pieter Stashkov'),
  (118, 'Nemo Nemo', 'Victoria Richards-Anderson'),
  (119, 'Facere Ea', 'Dr Sara Rose'),
  (120, 'Et Molestias', 'Dr Josephine Woods'),
  (121, 'Maxime Accusantium', 'Wayne Tucker-Holt'),
  (122, 'In Fugit', 'Mr Damian Allen'),
  (123, 'Pariatur Soluta', 'Mr Thomas Willis'),
  (124, 'Voluptas Quaerat', 'Dr Jake Evans'),
  (125, 'Commodi Doloribus', 'Ruth White'),
  (126, 'Dolores Architecto', 'Ms Megan Green'),
  (127, 'Harum Voluptatum', 'Dr Nathan Taylor'),
  (128, 'Dolore Cum', 'Michael Bell'),
  (129, 'Recusandae Fugit', 'Pieter Stashkov'),
  (130, 'Veritatis Ex', 'Mrs Alice Oliver'),
  (131, 'Nobis Unde', 'Marc Jackson'),
  (132, 'Consequatur Quod', 'Tracy Ford'),
  (133, 'Ratione Iste', 'Henry Newman'),
  (134, 'Totam Inventore', 'Charles Smith'),
  (135, 'Dolor Provident', 'Dr Charles Hurst'),
  (136, 'Vel Tempora', 'Pieter Stashkov'),
  (137, 'Reiciendis Incidunt', 'Miss Charlene Singh'),
  (138, 'Eligendi Accusamus', 'Trevor Stephens'),
  (139, 'Enim Explicabo', 'Liam Burns-Moore'),
  (140, 'Dolore Mollitia', 'Pieter Stashkov'),
  (141, 'Ex Qui', 'Pieter Stashkov'),
  (142, 'Magnam Quis', 'Pieter Stashkov'),
  (143, 'Recusandae Commodi', 'Rebecca Benson'),
  (144, 'Quod Ipsum', 'Deborah Roberts'),
  (145, 'Voluptatibus Iusto', 'Ashleigh Byrne-Hughes'),
  (146, 'Explicabo Repellat', 'Pieter Stashkov'),
  (147, 'Voluptas Delectus', 'Elaine Cook'),
  (148, 'Neque Quis', 'Tina Gardner'),
  (149, 'Tenetur Odio', 'Elaine Wade'),
  (150, 'Quia Porro', 'Marilyn Cross'),
  (151, 'Provident Officiis', 'Louise Donnelly-Parkinson'),
  (152, 'Rem Consectetur', 'Jeffrey Baker'),
  (153, 'Quo Non', 'Pieter Stashkov'),
  (154, 'Quis Consequuntur', 'Ian Thomas'),
  (155, 'Facere Nihil', 'Dr Steven Williams'),
  (156, 'Accusamus Voluptatum', 'Diana Stanley'),
  (157, 'Debitis Dolor', 'Pieter Stashkov'),
  (158, 'Nihil Accusamus', 'Michael Jones'),
  (159, 'Excepturi Dolorem', 'Pieter Stashkov'),
  (160, 'Cupiditate Fugiat', 'Joe Blake'),
  (161, 'Deserunt Officia', 'Pieter Stashkov'),
  (162, 'Harum Nulla', 'Mr Connor Cooper'),
  (163, 'Eum Vel', 'Mr Antony James'),
  (164, 'Est Rerum', 'Dr Jacqueline Cox'),
  (165, 'Voluptatibus Accusantium', 'Pieter Stashkov'),
  (166, 'Officia Hic', 'Pieter Stashkov'),
  (167, 'Voluptatibus Ad', 'Jonathan Watts'),
  (168, 'Itaque Qui', 'Dr Jamie Bennett'),
  (169, 'Libero Nostrum', 'Pieter Stashkov'),
  (170, 'At Reprehenderit', 'Jacob Bishop'),
  (171, 'Fugit Laboriosam', 'Angela Gibson'),
  (172, 'Necessitatibus At', 'Miss Louise Jones'),
  (173, 'Sit Explicabo', 'Lucy Faulkner'),
  (174, 'Occaecati Voluptatum', 'Julia Blackburn'),
  (175, 'Dicta Quaerat', 'Dr Gerald Stanley'),
  (176, 'Ipsam Labore', 'Jacob Humphries'),
  (177, 'Velit Possimus', 'Miss Judith Robinson'),
  (178, 'Accusantium Laboriosam', 'Alice James'),
  (179, 'At Mollitia', 'Neil Rose'),
  (180, 'Aspernatur Eius', 'Jacob Berry'),
  (181, 'Ut Recusandae', 'Daniel Jones'),
  (182, 'Fuga Iure', 'Lucy Coles'),
  (183, 'Magnam Temporibus', 'Darren Jones'),
  (184, 'Sit Nostrum', 'Pieter Stashkov'),
  (185, 'Cumque Facere', 'Dr Gerald Allen'),
  (186, 'Alias Debitis', 'Elliot Cooper'),
  (187, 'Ut Repudiandae', 'Jessica Grant'),
  (188, 'Laboriosam Iure', 'Pieter Stashkov'),
  (189, 'Distinctio Voluptatum', 'Amanda Day'),
  (190, 'Tempore Aliquam', 'Charlene Hart'),
  (191, 'Quis Ratione', 'Mr Thomas Payne'),
  (192, 'Assumenda Doloribus', 'Mr Richard Quinn'),
  (193, 'Ex Dolor', 'Joanna Gray'),
  (194, 'Laborum Quas', 'Toby Moss'),
  (195, 'Laboriosam Nihil', 'Alan Johnson'),
  (196, 'Maxime Quibusdam', 'Mr Martyn Ellis'),
  (197, 'Eligendi Velit', 'Eric Armstrong-Smith'),
  (198, 'Temporibus Neque', 'Pieter Stashkov'),
  (199, 'Velit Soluta', 'Oliver Saunders'),
  (200, 'Architecto Consequuntur', 'Amelia Brown'),
  (201, 'Quidem Enim', 'Pamela Jenkins'),
  (202, 'Provident Ducimus', 'Pieter Stashkov'),
  (203, 'Aut Officiis', 'Dr Timothy Goddard'),
  (204, 'Perferendis Architecto', 'Sara Weston'),
  (205, 'Consequuntur Corrupti', 'Pieter Stashkov'),
  (206, 'Impedit Harum', 'Martin Hutchinson-Griffiths'),
  (207, 'Atque Ut', 'Simon Barnett'),
  (208, 'Ad Alias', 'Miss Ashleigh Pearce'),
  (209, 'Suscipit Exercitationem', 'Mr Aaron Wells'),
  (210, 'Impedit Repudiandae', 'Antony Davis'),
  (211, 'Beatae Tempore', 'Dr Dean Bell'),
  (212, 'Dolorem Doloribus', 'Ms June Jackson'),
  (213, 'Hic Cumque', 'Sheila Pearce'),
  (214, 'Nesciunt Eos', 'Danny Williams'),
  (215, 'Eos Rerum', 'Miss Alexandra Ali'),
  (216, 'Corrupti Quidem', 'Terry Edwards'),
  (217, 'Quis Aspernatur', 'Dr Mark Leonard'),
  (218, 'Sapiente Labore', 'Mitchell Owens-King'),
  (219, 'Impedit Quia', 'Stewart Mason'),
  (220, 'Minima Amet', 'Judith Miah'),
  (221, 'Reprehenderit Beatae', 'Jane Hall-Jones'),
  (222, 'Ex Laborum', 'Ms Stephanie Finch'),
  (223, 'Et Eius', 'Keith Jones'),
  (224, 'Voluptates Tempora', 'Pieter Stashkov'),
  (225, 'Harum Nesciunt', 'Mr Scott Howard');

INSERT INTO `exhibit_exhibitions` (`fk_exhibit_id`, `fk_exhibition_id`) VALUES
  (210, 1),
  (56, 1),
  (31, 1),
  (14, 1),
  (81, 1),
  (116, 1),
  (188, 1),
  (46, 1),
  (122, 1),
  (137, 1),
  (141, 1),
  (106, 1),
  (68, 1),
  (6, 1),
  (13, 1),
  (147, 2),
  (116, 2),
  (20, 2),
  (130, 2),
  (11, 2),
  (53, 2),
  (225, 3),
  (54, 3),
  (110, 3),
  (206, 3),
  (197, 3),
  (149, 3),
  (11, 3),
  (77, 3),
  (158, 3),
  (216, 3),
  (8, 3),
  (34, 3),
  (10, 3),
  (15, 3),
  (146, 3),
  (213, 3),
  (2, 3),
  (47, 3),
  (12, 3),
  (70, 3),
  (88, 4),
  (163, 4),
  (25, 4),
  (154, 4),
  (201, 4),
  (170, 4),
  (166, 4),
  (124, 5),
  (157, 5),
  (51, 5),
  (219, 5),
  (90, 5),
  (164, 5),
  (33, 5),
  (76, 5),
  (28, 5),
  (24, 5),
  (53, 5),
  (19, 6),
  (86, 6),
  (131, 6),
  (53, 6),
  (217, 6),
  (74, 6),
  (15, 6),
  (126, 7),
  (136, 7),
  (67, 7),
  (162, 7),
  (137, 7),
  (198, 7),
  (131, 7),
  (217, 8),
  (183, 8),
  (109, 8),
  (149, 8),
  (201, 8),
  (157, 8),
  (88, 8),
  (55, 8),
  (35, 8),
  (18, 8),
  (193, 8),
  (181, 8),
  (59, 8),
  (140, 8),
  (75, 8),
  (16, 8),
  (11, 8),
  (223, 8),
  (21, 8),
  (59, 9),
  (104, 9),
  (37, 9),
  (208, 9),
  (52, 9),
  (153, 9),
  (96, 9),
  (111, 9),
  (85, 9),
  (106, 9),
  (198, 9),
  (10, 9),
  (34, 9),
  (62, 9),
  (6, 9),
  (214, 9),
  (128, 9),
  (48, 10),
  (137, 10),
  (3, 10),
  (88, 10),
  (77, 10),
  (180, 10),
  (150, 10),
  (156, 10),
  (141, 10),
  (183, 10),
  (14, 10),
  (25, 10),
  (143, 11),
  (206, 11),
  (106, 11),
  (5, 11),
  (79, 11),
  (165, 11),
  (193, 11),
  (167, 11),
  (58, 11),
  (202, 11),
  (191, 11),
  (128, 11),
  (8, 12),
  (18, 12),
  (210, 12),
  (125, 12),
  (35, 12),
  (21, 12),
  (10, 13),
  (183, 13),
  (189, 13),
  (42, 13),
  (208, 13),
  (172, 13),
  (126, 13),
  (134, 13),
  (146, 13),
  (33, 13),
  (20, 13),
  (212, 13),
  (7, 13),
  (85, 13),
  (53, 13),
  (99, 13),
  (79, 14),
  (188, 14),
  (133, 14),
  (129, 14),
  (154, 14),
  (1, 14),
  (205, 14),
  (210, 14),
  (152, 14),
  (151, 14),
  (142, 14),
  (195, 14),
  (100, 14),
  (208, 14),
  (128, 14),
  (84, 14),
  (71, 14),
  (126, 15),
  (9, 15),
  (37, 15),
  (97, 15),
  (89, 15),
  (83, 15),
  (42, 15),
  (13, 15),
  (62, 15);

INSERT INTO `visitors` (`visitor_id`, `name`, `visit_date`, `entry_time`, `exit_time`) VALUES
  (1, 'Julian Allen', 2025-10-25, 2025-10-25 10:11:36, 2025-10-25 13:26:36),
  (2, 'Ellie Parkes', 2025-09-27, 2025-09-27 13:07:17, 2025-09-27 16:03:17),
  (3, 'Helen Clark-Parker', 2025-09-29, 2025-09-29 14:13:27, 2025-09-29 17:32:27),
  (4, 'Ms Charlene Fletcher', 2025-11-22, 2025-11-22 09:53:37, 2025-11-22 12:26:37),
  (5, 'Ms Janet Williams', 2025-10-25, 2025-10-25 16:28:17, 2025-10-25 18:23:17),
  (6, 'Mr Francis Willis', 2025-11-08, 2025-11-08 12:19:50, 2025-11-08 13:17:50),
  (7, 'Pauline Scott', 2025-10-21, 2025-10-21 15:05:39, 2025-10-21 16:14:39),
  (8, 'Lee Patel', 2025-11-22, 2025-11-22 11:53:50, 2025-11-22 13:40:50),
  (9, 'Charlotte Jones', 2025-10-06, 2025-10-06 14:48:45, 2025-10-06 17:29:45),
  (10, 'Lucy Parker', 2025-10-24, 2025-10-24 12:14:04, 2025-10-24 15:59:04),
  (11, 'Mr Gary Williamson', 2025-09-27, 2025-09-27 15:43:00, 2025-09-27 16:32:00),
  (12, 'Abigail Yates', 2025-10-28, 2025-10-28 14:24:18, 2025-10-28 16:24:18),
  (13, 'Ms Beth Lloyd', 2025-09-26, 2025-09-26 13:56:38, 2025-09-26 14:43:38),
  (14, 'Julia Jones', 2025-11-08, 2025-11-08 17:22:47, 2025-11-08 20:55:47),
  (15, 'Mr Keith Campbell', 2025-10-18, 2025-10-18 09:25:24, 2025-10-18 09:57:24);

INSERT INTO `exhibition_visits` (`visit_id`, `visitor_id`, `exhibition_id`, `entry_time`, `exit_time`) VALUES
  (1, 1, 3, 2025-10-25 10:29:36, 2025-10-25 10:42:36),
  (2, 1, 5, 2025-10-25 10:51:36, 2025-10-25 11:07:36),
  (3, 2, 5, 2025-09-27 13:11:17, 2025-09-27 13:36:17),
  (4, 3, 5, 2025-09-29 14:33:27, 2025-09-29 15:16:27),
  (5, 4, 3, 2025-11-22 10:08:37, 2025-11-22 10:48:37),
  (6, 4, 9, 2025-11-22 10:57:37, 2025-11-22 11:32:37),
  (7, 4, 15, 2025-11-22 11:43:37, 2025-11-22 11:57:37),
  (8, 4, 2, 2025-11-22 12:00:37, 2025-11-22 12:20:37),
  (9, 5, 5, 2025-10-25 16:38:17, 2025-10-25 17:00:17),
  (10, 5, 8, 2025-10-25 17:15:17, 2025-10-25 17:47:17),
  (11, 5, 3, 2025-10-25 17:52:17, 2025-10-25 18:20:17),
  (12, 6, 3, 2025-11-08 12:23:50, 2025-11-08 13:01:50),
  (13, 7, 11, 2025-10-21 15:23:39, 2025-10-21 15:53:39),
  (14, 8, 14, 2025-11-22 11:54:50, 2025-11-22 12:22:50),
  (15, 9, 9, 2025-10-06 14:59:45, 2025-10-06 15:09:45),
  (16, 10, 9, 2025-10-24 12:19:04, 2025-10-24 12:52:04),
  (17, 10, 14, 2025-10-24 12:56:04, 2025-10-24 13:22:04),
  (18, 11, 5, 2025-09-27 16:02:00, 2025-09-27 16:19:00),
  (19, 12, 14, 2025-10-28 14:33:18, 2025-10-28 15:01:18),
  (20, 12, 13, 2025-10-28 15:12:18, 2025-10-28 15:30:18),
  (21, 14, 4, 2025-11-08 17:29:47, 2025-11-08 17:55:47),
  (22, 14, 14, 2025-11-08 18:10:47, 2025-11-08 18:46:47),
  (23, 14, 9, 2025-11-08 19:01:47, 2025-11-08 19:29:47),
  (24, 14, 8, 2025-11-08 19:41:47, 2025-11-08 19:58:47),
  (25, 15, 11, 2025-10-18 09:45:24, 2025-10-18 09:56:24);

COMMIT;
