-- VisitorTrack data dump for MySQL
-- Generated by generate_data_sql_mysql.py

SET autocommit=0;
START TRANSACTION;

INSERT INTO `rooms` (`room_id`, `name`, `floor`) VALUES
  (1, 'Room 1', 0),
  (2, 'Room 2', 2),
  (3, 'Room 3', 1),
  (4, 'Room 4', 0),
  (5, 'Room 5', 1),
  (6, 'Room 6', 1),
  (7, 'Room 7', 0),
  (8, 'Room 8', 0),
  (9, 'Room 9', 2),
  (10, 'Room 10', 0),
  (11, 'Room 11', 0),
  (12, 'Room 12', 1),
  (13, 'Room 13', 0),
  (14, 'Room 14', 0),
  (15, 'Room 15', 1);

INSERT INTO `exhibitions` (`exhibition_id`, `name`, `exhibition_start`, `exhibition_end`, `room_id`) VALUES
  (1, 'Exhibition 1', 2025-11-10, 2026-01-04, 12),
  (2, 'Exhibition 2', 2025-11-18, 2025-12-11, 5),
  (3, 'Exhibition 3', 2025-11-24, 2026-01-05, 15),
  (4, 'Exhibition 4', 2025-08-29, 2025-10-13, 13),
  (5, 'Exhibition 5', 2025-12-07, 2026-02-02, 9),
  (6, 'Exhibition 6', 2025-09-14, 2025-11-10, 14),
  (7, 'Exhibition 7', 2025-10-09, 2025-11-07, 1),
  (8, 'Exhibition 8', 2025-12-01, 2025-12-25, 6),
  (9, 'Exhibition 9', 2025-08-26, 2025-09-10, 14),
  (10, 'Exhibition 10', 2025-09-29, 2025-10-14, 1),
  (11, 'Exhibition 11', 2025-11-12, 2025-12-01, 2),
  (12, 'Exhibition 12', 2025-09-26, 2025-10-23, 10),
  (13, 'Exhibition 13', 2025-11-23, 2025-12-13, 14),
  (14, 'Exhibition 14', 2025-12-02, 2025-12-28, 11),
  (15, 'Exhibition 15', 2025-12-19, 2026-01-25, 14);

INSERT INTO `exhibits` (`exhibit_id`, `name`, `author`) VALUES
  (1, 'Incidunt Provident', 'Dr Tony Daniels'),
  (2, 'Earum Natus', 'Russell Robinson'),
  (3, 'Vel Non', 'Mr Anthony Bruce'),
  (4, 'Optio Suscipit', 'Pieter Stashkov'),
  (5, 'Sunt Hic', 'Carole Robson'),
  (6, 'Nihil Dicta', 'Joshua Edwards'),
  (7, 'Nam Reiciendis', 'Mr Victor Ali'),
  (8, 'Quae Quaerat', 'Miss Bethan Powell'),
  (9, 'Adipisci Similique', 'Mrs Alexandra Hart'),
  (10, 'Beatae Expedita', 'Mrs Andrea Mason'),
  (11, 'Molestias Sapiente', 'Hugh Taylor-Buckley'),
  (12, 'Quaerat In', 'Kieran Wilson-Forster'),
  (13, 'Eveniet Nobis', 'Geoffrey Connolly'),
  (14, 'Eum Molestias', 'Mr Dale Walters'),
  (15, 'Repudiandae Ex', 'Wendy Mistry-Cooper'),
  (16, 'Porro Amet', 'Pieter Stashkov'),
  (17, 'Eveniet Fugit', 'Dr Shaun Smith'),
  (18, 'Accusamus Tempore', 'Mrs Margaret Turner'),
  (19, 'Sapiente Autem', 'Hilary Ingram'),
  (20, 'Praesentium Dicta', 'Allan Reed-Long'),
  (21, 'Aliquid Nemo', 'Emma O''Neill-Hughes'),
  (22, 'Officiis Ullam', 'Thomas Webb'),
  (23, 'Exercitationem Repellendus', 'Mrs Joanne Jones'),
  (24, 'Quasi Atque', 'Dr Naomi Rowe'),
  (25, 'Illo Hic', 'Pieter Stashkov'),
  (26, 'Odit Nemo', 'Mr Harry Whitehead'),
  (27, 'Quod Officia', 'Victoria Holland-Thomson'),
  (28, 'Pariatur Sed', 'Pieter Stashkov'),
  (29, 'Reprehenderit Excepturi', 'Mr Mathew Harrison'),
  (30, 'Dolorum Libero', 'Jack Ward'),
  (31, 'Iure Adipisci', 'Miss Rosie Burton'),
  (32, 'Harum Modi', 'Miss Jemma Lawson'),
  (33, 'Doloribus Cumque', 'Jodie Butler'),
  (34, 'Laborum Commodi', 'Aimee Donnelly-Williamson'),
  (35, 'Quibusdam Enim', 'Callum Smith'),
  (36, 'Distinctio Eligendi', 'Pieter Stashkov'),
  (37, 'Ipsum Dolorem', 'Dr Josh Thomas'),
  (38, 'Ut Officiis', 'Pieter Stashkov'),
  (39, 'Corporis Magni', 'Edward Smith'),
  (40, 'Rem Mollitia', 'Ann Mason'),
  (41, 'Molestiae Nemo', 'Pieter Stashkov'),
  (42, 'Fugit Modi', 'Dr Arthur Davies'),
  (43, 'Ducimus Voluptatibus', 'Ms Kirsty Wood'),
  (44, 'Labore Quo', 'Mathew Dixon'),
  (45, 'Earum Velit', 'Vanessa Akhtar'),
  (46, 'Quis Quia', 'Alex Dean'),
  (47, 'Nesciunt Beatae', 'Clifford Burke'),
  (48, 'Nulla Adipisci', 'Pieter Stashkov'),
  (49, 'Nemo Beatae', 'Anna Cooper'),
  (50, 'Delectus Exercitationem', 'Russell Nolan'),
  (51, 'Aliquid Nostrum', 'Mrs Abbie Ross'),
  (52, 'A Voluptatem', 'Mrs Lucy Hughes'),
  (53, 'Accusantium Consectetur', 'Tom Ahmed'),
  (54, 'Sapiente Ipsa', 'Bethan Hill-Wilson'),
  (55, 'Voluptatem Perferendis', 'Sylvia Francis'),
  (56, 'Unde Ea', 'Jordan Summers'),
  (57, 'Sit Voluptas', 'Samuel Clarke-Evans'),
  (58, 'Impedit Perspiciatis', 'Pieter Stashkov'),
  (59, 'Id Dolorum', 'Hannah Parry'),
  (60, 'Assumenda Nesciunt', 'Sarah Jones'),
  (61, 'Inventore Non', 'Gerald Finch'),
  (62, 'Ab Quas', 'Pieter Stashkov'),
  (63, 'Quidem Minus', 'Pieter Stashkov'),
  (64, 'Accusantium Suscipit', 'Dr Nathan Powell'),
  (65, 'Rem Repellendus', 'Dr Lindsey Johnston'),
  (66, 'Quisquam Ipsum', 'William Howard'),
  (67, 'Est Molestias', 'Harry Marsh'),
  (68, 'Doloremque Reprehenderit', 'Oliver Martin'),
  (69, 'Ut Animi', 'Mr Geoffrey Khan'),
  (70, 'Consequatur Laudantium', 'Elliott Thomas'),
  (71, 'Labore Exercitationem', 'Pieter Stashkov'),
  (72, 'Praesentium Quis', 'Donna Vincent'),
  (73, 'Nobis Dolore', 'Dr Judith Foster'),
  (74, 'Error Animi', 'Pieter Stashkov'),
  (75, 'Delectus Inventore', 'Mr Damian Brennan'),
  (76, 'Cum Dignissimos', 'Harriet Cooper'),
  (77, 'Sint Natus', 'Lawrence Naylor'),
  (78, 'Adipisci Ducimus', 'Pieter Stashkov'),
  (79, 'Voluptatem Asperiores', 'Ms Lydia King'),
  (80, 'Animi Ad', 'Alan Mann'),
  (81, 'Quisquam Illum', 'Lisa Newton'),
  (82, 'Qui Ipsam', 'Sharon Shaw'),
  (83, 'Dicta Cupiditate', 'Diane Rogers'),
  (84, 'Iure Quidem', 'Pieter Stashkov'),
  (85, 'Quae Laborum', 'Pieter Stashkov'),
  (86, 'Laudantium Autem', 'Pieter Stashkov'),
  (87, 'Sed Odit', 'Dr Alexander Booth'),
  (88, 'Cum Quo', 'Dennis Kerr'),
  (89, 'At Voluptates', 'Kenneth Harrison'),
  (90, 'Consequuntur Voluptatibus', 'Pieter Stashkov'),
  (91, 'Nisi Commodi', 'Marilyn Boyle'),
  (92, 'Molestiae Exercitationem', 'Dominic Barker'),
  (93, 'Possimus Doloribus', 'Frederick Williams'),
  (94, 'Veniam Asperiores', 'Irene Shaw'),
  (95, 'Ullam Temporibus', 'Mrs Ashleigh Martin'),
  (96, 'At Odio', 'Michael Webb'),
  (97, 'Eius Necessitatibus', 'Laura Wilson'),
  (98, 'Nemo Nesciunt', 'Luke Smith'),
  (99, 'Odit Vel', 'Emma Cook'),
  (100, 'Alias Et', 'Dr Alison Evans'),
  (101, 'Corrupti Sapiente', 'Abbie Wilkins'),
  (102, 'Nihil Sunt', 'Pieter Stashkov'),
  (103, 'Ab Minus', 'Colin Lambert'),
  (104, 'Perferendis In', 'Arthur Taylor'),
  (105, 'Repellendus Tempore', 'Judith Elliott-Moore'),
  (106, 'Distinctio Facere', 'Pieter Stashkov'),
  (107, 'Veritatis Beatae', 'Pieter Stashkov'),
  (108, 'Velit Veritatis', 'Mr Elliott Edwards'),
  (109, 'Ad Debitis', 'Pieter Stashkov'),
  (110, 'Amet Numquam', 'Pieter Stashkov'),
  (111, 'Temporibus Exercitationem', 'Patricia White-Jackson'),
  (112, 'Cum Quod', 'Pieter Stashkov'),
  (113, 'Dicta Consectetur', 'Dr Guy Norman'),
  (114, 'Asperiores Excepturi', 'Connor Robinson-Johnson'),
  (115, 'Error Eveniet', 'Pieter Stashkov'),
  (116, 'Laudantium Hic', 'Mrs Carolyn Howe'),
  (117, 'Natus Asperiores', 'Leonard Carter'),
  (118, 'Fuga Magnam', 'Wayne Brown'),
  (119, 'Totam Nostrum', 'Jill Hall'),
  (120, 'Vel Maxime', 'Jeremy Carr'),
  (121, 'Fugiat Error', 'Toby Preston'),
  (122, 'Ipsum Reprehenderit', 'Douglas Sanderson'),
  (123, 'Illo Reprehenderit', 'Dr Richard Hart'),
  (124, 'Enim In', 'Nicola Rowley'),
  (125, 'Sunt Exercitationem', 'Mrs Lorraine Parker'),
  (126, 'Assumenda Perspiciatis', 'Pieter Stashkov'),
  (127, 'Doloribus Voluptatibus', 'Mr Timothy Yates'),
  (128, 'Exercitationem Amet', 'Marcus Morgan-Moss'),
  (129, 'Minus Magni', 'Brandon Buckley'),
  (130, 'Reprehenderit Laboriosam', 'Jonathan Scott'),
  (131, 'Beatae Dolor', 'Mrs Eileen Lee'),
  (132, 'Facere Deserunt', 'Pieter Stashkov'),
  (133, 'Excepturi Alias', 'Dr Anthony Andrews'),
  (134, 'Debitis Ab', 'Brandon Booth-Ward'),
  (135, 'Doloribus Harum', 'Peter Watkins'),
  (136, 'Iste Culpa', 'Dylan Lucas'),
  (137, 'In Dignissimos', 'Pieter Stashkov'),
  (138, 'Unde Vitae', 'Kyle Edwards'),
  (139, 'Tempore Tenetur', 'Alexandra Mills'),
  (140, 'Vitae Dolorem', 'Joyce Kelly'),
  (141, 'Omnis Aut', 'Dr Stephen Martin'),
  (142, 'Magnam Doloribus', 'Pieter Stashkov'),
  (143, 'Saepe Fugit', 'Pieter Stashkov'),
  (144, 'Eligendi Laborum', 'Marilyn Woods'),
  (145, 'Maiores Ut', 'Terry Scott-Carter'),
  (146, 'Incidunt Laboriosam', 'Mr Lawrence Campbell'),
  (147, 'Amet Quae', 'Gavin Shaw-Greenwood'),
  (148, 'Nobis Repellendus', 'Tony White'),
  (149, 'Eius Voluptatibus', 'Cheryl Bond'),
  (150, 'Repudiandae Esse', 'Shaun O''Brien'),
  (151, 'Quia Similique', 'Victoria Gray'),
  (152, 'In Sunt', 'Jack Allen'),
  (153, 'Neque Aperiam', 'Kayleigh Evans'),
  (154, 'Doloribus Eligendi', 'Pieter Stashkov'),
  (155, 'Ad Quisquam', 'Lesley Fox'),
  (156, 'Eaque Quidem', 'Leon Taylor'),
  (157, 'Labore Quae', 'Lorraine Robertson'),
  (158, 'Magni Sed', 'Miss Sophie Taylor'),
  (159, 'Quae Repellendus', 'Mr Sam Begum'),
  (160, 'Distinctio Eveniet', 'Emily Murphy-Roberts'),
  (161, 'Odio Harum', 'Anthony Gardner'),
  (162, 'Recusandae Ad', 'Hilary Khan'),
  (163, 'Voluptas Ipsa', 'Lydia Watts'),
  (164, 'Officiis Optio', 'Ms Katy Wood'),
  (165, 'Dolore Inventore', 'Lisa Baldwin'),
  (166, 'Ex Explicabo', 'Peter Barnett'),
  (167, 'Enim Culpa', 'Sandra Foster-James'),
  (168, 'Tenetur Inventore', 'Dr Lawrence Simmons'),
  (169, 'Porro Repellendus', 'Chloe Begum-Frost'),
  (170, 'Quidem Asperiores', 'Mrs Janice Walker'),
  (171, 'Enim Ea', 'Miss Abbie Fuller'),
  (172, 'Incidunt Aut', 'Mrs June Brown'),
  (173, 'Esse Corrupti', 'Pieter Stashkov'),
  (174, 'Distinctio Ad', 'Valerie Chandler'),
  (175, 'Deleniti Saepe', 'Dr Jacqueline Burton'),
  (176, 'Saepe Quas', 'Deborah Carey-Gilbert'),
  (177, 'Officia Aliquam', 'Kathryn Robinson'),
  (178, 'Rerum Esse', 'Miss Janet Jackson'),
  (179, 'Molestias Laudantium', 'Pieter Stashkov'),
  (180, 'Molestias Eum', 'Emily Scott-Elliott'),
  (181, 'Eius Asperiores', 'Sara Booth'),
  (182, 'Magni Earum', 'Mr Louis Farmer'),
  (183, 'Laudantium Illo', 'Louis Ali-Thompson'),
  (184, 'Cupiditate Voluptatem', 'Alice Heath'),
  (185, 'Sint Vero', 'Michael Smith'),
  (186, 'Sed Rem', 'Ms Leah Freeman'),
  (187, 'Vel Minus', 'Leslie Williams'),
  (188, 'Ut Vel', 'Miss Georgina Johnson'),
  (189, 'Ipsum Temporibus', 'Pieter Stashkov'),
  (190, 'Saepe Quam', 'Stephanie Barnes'),
  (191, 'Cupiditate Asperiores', 'Liam Walton'),
  (192, 'Alias Sequi', 'Donald Shaw'),
  (193, 'Expedita Ipsa', 'Henry Hancock'),
  (194, 'Perspiciatis Libero', 'Zoe Lee'),
  (195, 'Quis Et', 'Andrew White'),
  (196, 'Ipsa Iusto', 'Dr Kenneth Wright'),
  (197, 'Veniam A', 'Cheryl Green'),
  (198, 'Facilis Id', 'Justin Johnson'),
  (199, 'Voluptatibus Dolor', 'Rosie Hewitt'),
  (200, 'Nam A', 'Pieter Stashkov'),
  (201, 'Ea Exercitationem', 'Pieter Stashkov'),
  (202, 'Atque Quae', 'Simon Smith'),
  (203, 'Ex Similique', 'Dr Charlie Bradley'),
  (204, 'Recusandae Illum', 'Miss Amber O''Connor'),
  (205, 'Doloremque Repudiandae', 'Leanne Williams-Robinson'),
  (206, 'Quae Expedita', 'Jacob White'),
  (207, 'Quasi Assumenda', 'Kerry Wilkinson'),
  (208, 'Neque Maxime', 'Pieter Stashkov'),
  (209, 'Quia Quo', 'Marion Charlton'),
  (210, 'A Ratione', 'Pieter Stashkov'),
  (211, 'Nisi Enim', 'Jade Jones'),
  (212, 'Amet Quisquam', 'Pieter Stashkov'),
  (213, 'Accusamus Placeat', 'Carl Brown'),
  (214, 'Possimus Cupiditate', 'Hazel Reynolds-Allen'),
  (215, 'Magni Magnam', 'Pieter Stashkov'),
  (216, 'Nemo Quos', 'Mrs Olivia Bates'),
  (217, 'Veniam Dolor', 'Suzanne Wilson'),
  (218, 'Ex Consequuntur', 'Shirley Turnbull'),
  (219, 'Aliquid Soluta', 'Alexander Hill'),
  (220, 'Magnam Fuga', 'Jay Clark-Newton'),
  (221, 'Id Inventore', 'Dr Guy Patterson'),
  (222, 'Temporibus Cumque', 'Susan Begum'),
  (223, 'Fugit A', 'Jill Smith'),
  (224, 'Minima Ut', 'Miss Kirsty Franklin'),
  (225, 'Porro Accusantium', 'Dr Lee Gill');

INSERT INTO `exhibit_exhibitions` (`fk_exhibit_id`, `fk_exhibition_id`) VALUES
  (207, 1),
  (78, 1),
  (163, 1),
  (152, 1),
  (48, 1),
  (145, 1),
  (175, 1),
  (34, 1),
  (141, 1),
  (174, 1),
  (21, 1),
  (40, 1),
  (217, 1),
  (140, 1),
  (172, 2),
  (180, 2),
  (114, 2),
  (136, 2),
  (176, 2),
  (68, 2),
  (191, 2),
  (186, 2),
  (190, 3),
  (162, 3),
  (48, 3),
  (46, 3),
  (1, 3),
  (35, 3),
  (183, 3),
  (92, 3),
  (27, 3),
  (20, 3),
  (17, 3),
  (16, 3),
  (112, 3),
  (28, 3),
  (145, 3),
  (59, 3),
  (212, 3),
  (90, 4),
  (96, 4),
  (124, 4),
  (150, 4),
  (93, 4),
  (147, 4),
  (28, 4),
  (27, 4),
  (22, 4),
  (143, 4),
  (55, 4),
  (134, 5),
  (71, 5),
  (89, 5),
  (83, 5),
  (10, 5),
  (188, 5),
  (116, 5),
  (86, 5),
  (103, 5),
  (73, 5),
  (204, 5),
  (138, 6),
  (153, 6),
  (219, 6),
  (5, 6),
  (210, 6),
  (154, 6),
  (141, 6),
  (75, 6),
  (40, 6),
  (67, 6),
  (211, 7),
  (213, 7),
  (57, 7),
  (157, 7),
  (55, 7),
  (139, 7),
  (106, 8),
  (184, 8),
  (113, 8),
  (135, 8),
  (200, 8),
  (110, 8),
  (176, 8),
  (160, 8),
  (212, 8),
  (169, 8),
  (122, 8),
  (99, 8),
  (7, 8),
  (92, 9),
  (20, 9),
  (71, 9),
  (78, 9),
  (4, 9),
  (87, 9),
  (77, 9),
  (140, 9),
  (143, 9),
  (7, 9),
  (28, 9),
  (177, 9),
  (193, 9),
  (165, 9),
  (128, 9),
  (31, 10),
  (2, 10),
  (137, 10),
  (205, 10),
  (212, 10),
  (40, 10),
  (102, 10),
  (44, 10),
  (192, 10),
  (38, 10),
  (115, 10),
  (79, 10),
  (46, 10),
  (213, 10),
  (1, 11),
  (163, 11),
  (45, 11),
  (57, 11),
  (118, 11),
  (68, 12),
  (43, 12),
  (76, 12),
  (180, 12),
  (181, 12),
  (26, 12),
  (182, 12),
  (87, 12),
  (86, 12),
  (138, 12),
  (187, 12),
  (183, 12),
  (138, 13),
  (84, 13),
  (75, 13),
  (103, 13),
  (183, 13),
  (192, 13),
  (194, 13),
  (11, 13),
  (145, 13),
  (117, 13),
  (90, 13),
  (48, 13),
  (225, 13),
  (92, 13),
  (41, 13),
  (159, 13),
  (195, 14),
  (56, 14),
  (175, 14),
  (180, 14),
  (69, 14),
  (187, 15),
  (180, 15),
  (45, 15),
  (152, 15),
  (211, 15),
  (117, 15),
  (207, 15),
  (161, 15),
  (102, 15),
  (169, 15),
  (195, 15),
  (101, 15),
  (123, 15);

INSERT INTO `visitors` (`visitor_id`, `name`, `visit_date`, `entry_time`, `exit_time`) VALUES
  (1, 'Samantha Perkins', 2025-11-07, 2025-11-07 17:57:41, 2025-11-07 20:19:41),
  (2, 'John Jones', 2025-11-13, 2025-11-13 16:26:25, 2025-11-13 17:32:25),
  (3, 'Rebecca Gill', 2025-10-15, 2025-10-15 16:43:20, 2025-10-15 18:44:20),
  (4, 'Alan O''Sullivan', 2025-10-02, 2025-10-02 17:38:56, 2025-10-02 19:04:56),
  (5, 'Mr Peter Green', 2025-10-20, 2025-10-20 11:20:52, 2025-10-20 12:40:52),
  (6, 'Mr Garry Wood', 2025-11-01, 2025-11-01 11:34:48, 2025-11-01 13:45:48),
  (7, 'Charlene Jennings', 2025-10-01, 2025-10-01 10:17:30, 2025-10-01 13:10:30),
  (8, 'Mr Daniel Lane', 2025-11-02, 2025-11-02 12:56:51, 2025-11-02 16:07:51),
  (9, 'Jemma Owen', 2025-11-18, 2025-11-18 10:45:47, 2025-11-18 14:13:47),
  (10, 'Dr Frank Graham', 2025-10-09, 2025-10-09 11:47:02, 2025-10-09 12:56:02),
  (11, 'Mr Reece Thomson', 2025-11-21, 2025-11-21 10:58:23, 2025-11-21 12:18:23),
  (12, 'Rosie Taylor', 2025-11-14, 2025-11-14 16:23:29, 2025-11-14 19:23:29),
  (13, 'Dean Adams', 2025-11-19, 2025-11-19 10:05:50, 2025-11-19 12:16:50),
  (14, 'Dawn Reed', 2025-11-01, 2025-11-01 11:57:04, 2025-11-01 15:27:04),
  (15, 'Vanessa James', 2025-11-21, 2025-11-21 13:22:12, 2025-11-21 14:02:12);

INSERT INTO `exhibition_visits` (`visit_id`, `visitor_id`, `exhibition_id`, `entry_time`, `exit_time`) VALUES
  (1, 1, 7, 2025-11-07 18:13:41, 2025-11-07 18:58:41),
  (2, 1, 6, 2025-11-07 19:09:41, 2025-11-07 19:50:41),
  (3, 2, 1, 2025-11-13 16:46:25, 2025-11-13 17:29:25),
  (4, 3, 7, 2025-10-15 16:44:20, 2025-10-15 17:28:20),
  (5, 4, 6, 2025-10-02 17:38:56, 2025-10-02 17:52:56),
  (6, 4, 12, 2025-10-02 17:59:56, 2025-10-02 18:39:56),
  (7, 5, 7, 2025-10-20 11:25:52, 2025-10-20 11:57:52),
  (8, 6, 6, 2025-11-01 11:41:48, 2025-11-01 12:13:48),
  (9, 6, 7, 2025-11-01 12:22:48, 2025-11-01 12:53:48),
  (10, 7, 4, 2025-10-01 10:17:30, 2025-10-01 10:48:30),
  (11, 8, 7, 2025-11-02 13:04:51, 2025-11-02 13:20:51),
  (12, 8, 6, 2025-11-02 13:30:51, 2025-11-02 14:00:51),
  (13, 9, 2, 2025-11-18 10:56:47, 2025-11-18 11:25:47),
  (14, 9, 1, 2025-11-18 11:28:47, 2025-11-18 11:48:47),
  (15, 10, 7, 2025-10-09 11:49:02, 2025-10-09 12:34:02),
  (16, 11, 2, 2025-11-21 11:05:23, 2025-11-21 11:28:23),
  (17, 11, 1, 2025-11-21 11:42:23, 2025-11-21 12:17:23),
  (18, 12, 1, 2025-11-14 16:36:29, 2025-11-14 17:16:29),
  (19, 13, 11, 2025-11-19 10:13:50, 2025-11-19 10:52:50),
  (20, 13, 2, 2025-11-19 11:01:50, 2025-11-19 11:46:50),
  (21, 13, 1, 2025-11-19 12:00:50, 2025-11-19 12:15:50),
  (22, 14, 7, 2025-11-01 12:08:04, 2025-11-01 12:53:04),
  (23, 15, 11, 2025-11-21 13:32:12, 2025-11-21 13:49:12);

COMMIT;
