-- VisitorTrack data dump for MySQL
-- Generated by generate_data_sql_mysql.py

SET autocommit=0;
START TRANSACTION;

INSERT INTO `rooms` (`room_id`, `name`, `floor`) VALUES
  (1, 'Room 1', 0),
  (2, 'Room 2', 0),
  (3, 'Room 3', 0),
  (4, 'Room 4', 2),
  (5, 'Room 5', 1),
  (6, 'Room 6', 0),
  (7, 'Room 7', 2),
  (8, 'Room 8', 1),
  (9, 'Room 9', 2),
  (10, 'Room 10', 1),
  (11, 'Room 11', 0),
  (12, 'Room 12', 2),
  (13, 'Room 13', 2),
  (14, 'Room 14', 1),
  (15, 'Room 15', 1);

INSERT INTO `exhibitions` (`exhibition_id`, `name`, `exhibition_start`, `exhibition_end`, `room_id`) VALUES
  (1, 'Exhibition 1', 2025-11-07, 2025-11-12, 11),
  (2, 'Exhibition 2', 2025-10-20, 2025-11-17, 2),
  (3, 'Exhibition 3', 2025-10-30, 2025-12-27, 7),
  (4, 'Exhibition 4', 2025-11-07, 2026-01-01, 10),
  (5, 'Exhibition 5', 2025-11-27, 2025-12-21, 2),
  (6, 'Exhibition 6', 2025-09-24, 2025-11-17, 10),
  (7, 'Exhibition 7', 2025-11-15, 2025-12-14, 11),
  (8, 'Exhibition 8', 2025-10-04, 2025-10-06, 1),
  (9, 'Exhibition 9', 2025-09-08, 2025-10-03, 11),
  (10, 'Exhibition 10', 2025-09-20, 2025-11-12, 3),
  (11, 'Exhibition 11', 2025-11-05, 2025-11-22, 12),
  (12, 'Exhibition 12', 2025-12-22, 2026-02-04, 3),
  (13, 'Exhibition 13', 2025-11-01, 2025-12-05, 13),
  (14, 'Exhibition 14', 2025-11-20, 2026-01-18, 9),
  (15, 'Exhibition 15', 2025-10-09, 2025-12-03, 1);

INSERT INTO `exhibits` (`exhibit_id`, `name`, `author`) VALUES
  (1, 'Sint Mollitia', 'Zoe Brown'),
  (2, 'Quae Fuga', 'Miss Marie Baker'),
  (3, 'Nisi Nihil', 'Mr Kevin Connor'),
  (4, 'Tenetur Exercitationem', 'Pieter Stashkov'),
  (5, 'Quasi Alias', 'Jordan Walker'),
  (6, 'Cupiditate Pariatur', 'Stephen Bailey'),
  (7, 'Sequi Voluptates', 'Luke Turner'),
  (8, 'Possimus Corrupti', 'Claire Nelson'),
  (9, 'Non Rem', 'Josephine Dunn-Hodgson'),
  (10, 'Et Est', 'Mr Harry Smith'),
  (11, 'Quo Repellat', 'Lydia Robertson'),
  (12, 'Velit Earum', 'Shane Lawrence'),
  (13, 'Nihil Reprehenderit', 'Pieter Stashkov'),
  (14, 'Dolores Facilis', 'Pieter Stashkov'),
  (15, 'Fugit Itaque', 'Ms Lauren Lawrence'),
  (16, 'Maiores Mollitia', 'Philip Fletcher'),
  (17, 'Sapiente Nisi', 'Dylan Barker-Townsend'),
  (18, 'Est Architecto', 'Lauren Bishop'),
  (19, 'Fuga Consequuntur', 'Rachel Collins'),
  (20, 'Occaecati Exercitationem', 'Michelle Nicholson'),
  (21, 'Doloribus Adipisci', 'Pieter Stashkov'),
  (22, 'Deserunt Quidem', 'Kathleen Mann'),
  (23, 'Quis Itaque', 'Pieter Stashkov'),
  (24, 'Dolore Veniam', 'Dr Tracy Ashton'),
  (25, 'Saepe Quo', 'Dr Adam Cross'),
  (26, 'Tempora Quae', 'Pieter Stashkov'),
  (27, 'Repellendus Molestias', 'Alan Jarvis'),
  (28, 'Consequatur Omnis', 'Jenna Perry'),
  (29, 'Magni Tempora', 'Miss Ashleigh Green'),
  (30, 'Doloremque Eius', 'Mr Benjamin Newman'),
  (31, 'Quaerat Veniam', 'Mr Norman Jones'),
  (32, 'Officiis Minus', 'Miss Mandy Williams'),
  (33, 'Minima Non', 'Pieter Stashkov'),
  (34, 'Maiores Autem', 'Maureen Davies'),
  (35, 'Repudiandae Voluptas', 'Kayleigh Roberts'),
  (36, 'Reprehenderit Vero', 'Jenna Miller'),
  (37, 'Qui Laborum', 'Lauren Shepherd'),
  (38, 'Adipisci Ducimus', 'Kieran Owen'),
  (39, 'Quaerat Nobis', 'Lee Macdonald'),
  (40, 'Sapiente Voluptatem', 'Elliot Palmer'),
  (41, 'Sint Consectetur', 'Jasmine Baker'),
  (42, 'Odit Aut', 'Mrs Elizabeth Jones'),
  (43, 'Veritatis Ut', 'Rachael Foster'),
  (44, 'Neque Ab', 'Conor Watts'),
  (45, 'Blanditiis Deserunt', 'Mr Connor Forster'),
  (46, 'Cum Debitis', 'Frank McKenzie-Davies'),
  (47, 'Eius Incidunt', 'Dr Toby Harris'),
  (48, 'Inventore Pariatur', 'Callum Parker'),
  (49, 'Vero Nemo', 'Vincent Smith'),
  (50, 'Enim Velit', 'Pauline Crawford-Holmes'),
  (51, 'Quae Dolore', 'Pieter Stashkov'),
  (52, 'Consequuntur Reiciendis', 'Ross Connor'),
  (53, 'Dicta Provident', 'Ms Amy Shepherd'),
  (54, 'Facere Velit', 'Cameron Jordan-Lynch'),
  (55, 'Pariatur Excepturi', 'Diane Gibson'),
  (56, 'Dolores Consequuntur', 'Brian Payne'),
  (57, 'Molestiae Dolores', 'Joanne Russell'),
  (58, 'Eos Cupiditate', 'Ms Lynne Robinson'),
  (59, 'Quae Laborum', 'Rachael Blake'),
  (60, 'Natus Ipsa', 'Miss Joyce Clark'),
  (61, 'Ex Odit', 'Martin Taylor-Roberts'),
  (62, 'Dicta Odio', 'Mr Daniel Marshall'),
  (63, 'Officia Sapiente', 'Olivia Perry-Doherty'),
  (64, 'Magni Possimus', 'Pieter Stashkov'),
  (65, 'Repellendus Veritatis', 'Geraldine Short'),
  (66, 'Harum Tempore', 'Mr Gordon Harrison'),
  (67, 'Nemo Libero', 'Jack Powell'),
  (68, 'Quasi Quasi', 'Pieter Stashkov'),
  (69, 'Impedit Occaecati', 'Lynne Parker'),
  (70, 'Suscipit Harum', 'Colin Marsh'),
  (71, 'Perspiciatis Repellat', 'Pieter Stashkov'),
  (72, 'Possimus Alias', 'Dr Gillian Clarke'),
  (73, 'Commodi Vel', 'Lynn Farmer'),
  (74, 'Perspiciatis Molestias', 'Dr Lynn Robson'),
  (75, 'Repudiandae Iste', 'Hannah Hill'),
  (76, 'Molestiae Culpa', 'Grace Pollard'),
  (77, 'Labore Et', 'Pieter Stashkov'),
  (78, 'Placeat Eius', 'Ms Caroline Gray'),
  (79, 'Officiis Voluptatibus', 'Sian Grant-Baldwin'),
  (80, 'Quae Nisi', 'Mrs Janet Roberts'),
  (81, 'Exercitationem Doloribus', 'Shannon Hayes'),
  (82, 'Possimus Facere', 'Guy Thompson-Perry'),
  (83, 'Eum Corrupti', 'Janice Sharp'),
  (84, 'Nostrum Fugit', 'Pieter Stashkov'),
  (85, 'Aut Iusto', 'Clare Rice-Jackson'),
  (86, 'Error Accusamus', 'Julian Morris'),
  (87, 'Optio Incidunt', 'Nicholas Bell'),
  (88, 'Sed Sapiente', 'Stewart Duffy'),
  (89, 'Possimus Repellat', 'Robert Walker'),
  (90, 'Ad Quis', 'Bernard Freeman'),
  (91, 'Omnis Ex', 'Pieter Stashkov'),
  (92, 'Inventore Blanditiis', 'Katy Ward'),
  (93, 'Sint Praesentium', 'Melissa Austin-Summers'),
  (94, 'Nobis Minima', 'Sandra Williams'),
  (95, 'Sapiente Adipisci', 'Dr Graham Jones'),
  (96, 'Optio Nulla', 'Ryan Baxter'),
  (97, 'Consectetur Rerum', 'Kathryn Smith'),
  (98, 'Veniam Pariatur', 'Pieter Stashkov'),
  (99, 'Ipsum Quis', 'Jordan Nicholson'),
  (100, 'Facilis Nobis', 'Hazel Kelly'),
  (101, 'Nulla Ipsa', 'Claire Smart'),
  (102, 'Quae Pariatur', 'Pieter Stashkov'),
  (103, 'Ipsum Autem', 'Glen Graham'),
  (104, 'Veniam Quod', 'Mohammad Smith'),
  (105, 'Iste Porro', 'Tracy Wright'),
  (106, 'Provident Ab', 'Mr Garry Hughes'),
  (107, 'Ipsum Voluptatum', 'Angela Ahmed'),
  (108, 'Nobis Pariatur', 'Marian Cooper'),
  (109, 'Placeat Ipsam', 'Eleanor Norton'),
  (110, 'Laboriosam Consequuntur', 'Kieran Robinson-Elliott'),
  (111, 'Tempora Error', 'Dr Martyn Thompson'),
  (112, 'Animi Vel', 'Francis Jordan-Clark'),
  (113, 'Iure Assumenda', 'Georgina O''Neill'),
  (114, 'Tempore Vel', 'Ms Sylvia Humphreys'),
  (115, 'Illum Repudiandae', 'Mrs Donna Russell'),
  (116, 'Vero Sed', 'Dr Josephine Jones'),
  (117, 'Voluptatum Neque', 'Sophie Clarke-Miller'),
  (118, 'Animi Ab', 'Mr Ricky Walsh'),
  (119, 'Impedit Consequatur', 'Barbara Dawson-Knowles'),
  (120, 'Sapiente Maxime', 'Laura Leonard'),
  (121, 'Veniam Incidunt', 'Pieter Stashkov'),
  (122, 'Illum Totam', 'Louise Kennedy'),
  (123, 'Dolorem Omnis', 'Laura Collins-Evans'),
  (124, 'Vel Quos', 'Robert Gray'),
  (125, 'Delectus Possimus', 'Pieter Stashkov'),
  (126, 'Exercitationem Dolorem', 'Donald Mitchell-Bruce'),
  (127, 'Vero Corrupti', 'Mr Vincent Foster'),
  (128, 'Illum Voluptatem', 'Lauren Griffiths'),
  (129, 'Deserunt A', 'Nicholas Jackson'),
  (130, 'Repellat Nemo', 'Keith Coates-Smith'),
  (131, 'Impedit Perspiciatis', 'Dr Jacob Carr'),
  (132, 'Quos Recusandae', 'Miss Frances Simpson'),
  (133, 'Ratione Amet', 'Dawn Johnson'),
  (134, 'Maxime Recusandae', 'Leanne Turner'),
  (135, 'Possimus Fugit', 'Vanessa Brooks'),
  (136, 'Ipsa Officia', 'Pieter Stashkov'),
  (137, 'Officiis Porro', 'Barry Nash'),
  (138, 'Unde Ipsam', 'Mr Daniel Turner'),
  (139, 'Recusandae Laborum', 'Adrian Talbot'),
  (140, 'Ipsam Quis', 'Jade Whittaker'),
  (141, 'Explicabo Quibusdam', 'Anne Gallagher'),
  (142, 'Odio Illo', 'Victoria Shaw'),
  (143, 'Delectus Ab', 'Megan Shaw'),
  (144, 'Suscipit Quasi', 'Miss Janet Simpson'),
  (145, 'Voluptate Atque', 'Pieter Stashkov'),
  (146, 'At Itaque', 'Pieter Stashkov'),
  (147, 'Quae Autem', 'Stephen Goodwin-Whittaker'),
  (148, 'Ut Occaecati', 'Mrs Maureen Lewis'),
  (149, 'Totam Impedit', 'Miss Jayne Chapman'),
  (150, 'Facere Laboriosam', 'Gail Adams'),
  (151, 'Saepe Dicta', 'Dr Eric Lewis'),
  (152, 'Qui Quam', 'Pieter Stashkov'),
  (153, 'Asperiores Repellendus', 'Liam Buckley-Palmer'),
  (154, 'Cumque Dolor', 'Jenna Rees'),
  (155, 'Alias Nesciunt', 'Pieter Stashkov'),
  (156, 'Neque Natus', 'Miss Amelia Smith'),
  (157, 'Voluptas Quaerat', 'Naomi Spencer'),
  (158, 'Voluptate Possimus', 'Mrs Diana Andrews'),
  (159, 'Odio Accusantium', 'Jayne Spencer-Richardson'),
  (160, 'Quod Voluptatem', 'Mr Jason Reid'),
  (161, 'Rerum Cumque', 'Pieter Stashkov'),
  (162, 'Repellendus Assumenda', 'Donald Webb'),
  (163, 'Minus Magni', 'Miss Paige Lucas'),
  (164, 'Perspiciatis Minima', 'Mr Mitchell Ali'),
  (165, 'Animi Itaque', 'June Quinn'),
  (166, 'Officiis Officia', 'Mitchell Yates'),
  (167, 'Numquam Quisquam', 'Conor Anderson'),
  (168, 'At Blanditiis', 'Mrs Jill Simpson'),
  (169, 'Asperiores Commodi', 'Teresa Stone'),
  (170, 'Quisquam Sit', 'Pieter Stashkov'),
  (171, 'Harum Doloribus', 'Barry Bailey'),
  (172, 'At Voluptatum', 'Dr Jemma Thomas'),
  (173, 'Porro Dolores', 'Joel Lawrence'),
  (174, 'Rerum Esse', 'Terry Moore'),
  (175, 'Assumenda Porro', 'George Singh'),
  (176, 'Laborum Quia', 'Elliott Wheeler'),
  (177, 'Magni Nulla', 'Chloe Smith'),
  (178, 'Pariatur Atque', 'Kevin Hill-Burke'),
  (179, 'Maxime Necessitatibus', 'Pieter Stashkov'),
  (180, 'Est Quia', 'Callum Bishop-Hancock'),
  (181, 'Iure Similique', 'Pieter Stashkov'),
  (182, 'Quibusdam Cumque', 'Dr Marc Edwards'),
  (183, 'Delectus Suscipit', 'Scott Collins'),
  (184, 'Voluptatem Officiis', 'Jean Jones'),
  (185, 'Laudantium Voluptas', 'Pieter Stashkov'),
  (186, 'Odio Ipsum', 'Leah Moore'),
  (187, 'Soluta Saepe', 'Joshua Davies'),
  (188, 'Eum Neque', 'Chloe Wright'),
  (189, 'Architecto Nihil', 'Kelly Houghton-Williams'),
  (190, 'Mollitia Dignissimos', 'Ms Gail Dale'),
  (191, 'Delectus Vel', 'Elliott Mason-Lloyd'),
  (192, 'Debitis Eligendi', 'Dr Craig Morris'),
  (193, 'Numquam Itaque', 'Dylan Haynes'),
  (194, 'Iusto Beatae', 'Pieter Stashkov'),
  (195, 'Rerum Voluptatum', 'Dr Marcus Hyde'),
  (196, 'Expedita Quidem', 'Roy Morgan-Jones'),
  (197, 'Numquam Error', 'Mr Jordan Ward'),
  (198, 'Quaerat Est', 'Pieter Stashkov'),
  (199, 'Nesciunt Dolorum', 'Harriet Green'),
  (200, 'Sapiente Dolor', 'Pieter Stashkov'),
  (201, 'Laborum Natus', 'Cameron Smith'),
  (202, 'Placeat Consequuntur', 'Anne Hussain'),
  (203, 'Officiis Iusto', 'Dawn Little'),
  (204, 'Facere Vel', 'Annette Turner-Thomas'),
  (205, 'Excepturi Nemo', 'Jacob Foster-James'),
  (206, 'Quam Numquam', 'Elaine Birch'),
  (207, 'Facilis Earum', 'Pieter Stashkov'),
  (208, 'Sit Architecto', 'Kimberley Lee-Jones'),
  (209, 'Fugiat Aut', 'Ms Gail Brown'),
  (210, 'Quis Numquam', 'Pieter Stashkov'),
  (211, 'Commodi Similique', 'Paul Armstrong'),
  (212, 'Fugiat Expedita', 'Sandra Hughes-Murphy'),
  (213, 'Libero Nesciunt', 'Dr Tony Mason'),
  (214, 'Consectetur Eos', 'Teresa Lewis'),
  (215, 'Consequuntur Temporibus', 'Judith Andrews'),
  (216, 'Commodi Blanditiis', 'Pieter Stashkov'),
  (217, 'Consequatur Aspernatur', 'Joe Williams'),
  (218, 'Asperiores Sit', 'Jack Peters'),
  (219, 'Ipsa Voluptas', 'Pieter Stashkov'),
  (220, 'Blanditiis Optio', 'Derek Hill'),
  (221, 'Nisi Placeat', 'Bethan Hewitt'),
  (222, 'Expedita Neque', 'Kim Edwards'),
  (223, 'Optio Fugit', 'Pieter Stashkov'),
  (224, 'Perspiciatis Enim', 'Laura Hanson'),
  (225, 'Ducimus Minima', 'Miss Marilyn Johnson');

INSERT INTO `exhibit_exhibitions` (`fk_exhibit_id`, `fk_exhibition_id`) VALUES
  (46, 1),
  (154, 1),
  (186, 1),
  (58, 1),
  (217, 1),
  (160, 1),
  (26, 1),
  (20, 1),
  (9, 1),
  (211, 1),
  (110, 1),
  (126, 1),
  (50, 1),
  (140, 1),
  (120, 1),
  (175, 1),
  (88, 1),
  (182, 2),
  (54, 2),
  (28, 2),
  (144, 2),
  (187, 2),
  (191, 2),
  (58, 2),
  (200, 2),
  (135, 2),
  (170, 2),
  (59, 2),
  (85, 2),
  (80, 2),
  (111, 2),
  (112, 3),
  (27, 3),
  (167, 3),
  (54, 3),
  (135, 3),
  (178, 3),
  (180, 3),
  (35, 3),
  (104, 3),
  (82, 3),
  (183, 3),
  (67, 3),
  (12, 3),
  (181, 3),
  (220, 3),
  (128, 4),
  (163, 4),
  (125, 4),
  (109, 4),
  (192, 4),
  (160, 4),
  (142, 5),
  (167, 5),
  (90, 5),
  (149, 5),
  (131, 5),
  (107, 5),
  (28, 5),
  (57, 5),
  (62, 5),
  (12, 5),
  (178, 5),
  (179, 5),
  (20, 5),
  (111, 5),
  (173, 5),
  (172, 5),
  (155, 5),
  (97, 6),
  (183, 6),
  (48, 6),
  (73, 6),
  (57, 6),
  (38, 6),
  (162, 6),
  (133, 6),
  (123, 6),
  (40, 6),
  (6, 6),
  (5, 6),
  (164, 6),
  (42, 6),
  (182, 6),
  (192, 6),
  (145, 6),
  (54, 6),
  (142, 7),
  (18, 7),
  (14, 7),
  (213, 7),
  (131, 7),
  (41, 7),
  (74, 7),
  (122, 7),
  (85, 7),
  (165, 7),
  (90, 7),
  (47, 7),
  (215, 7),
  (221, 7),
  (24, 7),
  (89, 7),
  (46, 7),
  (84, 7),
  (96, 7),
  (117, 7),
  (112, 8),
  (90, 8),
  (25, 8),
  (85, 8),
  (33, 8),
  (146, 8),
  (143, 8),
  (211, 8),
  (213, 9),
  (136, 9),
  (118, 9),
  (194, 9),
  (90, 9),
  (167, 9),
  (132, 9),
  (75, 9),
  (171, 9),
  (205, 9),
  (177, 9),
  (33, 9),
  (104, 9),
  (204, 9),
  (197, 9),
  (125, 9),
  (122, 9),
  (9, 10),
  (8, 10),
  (88, 10),
  (3, 10),
  (168, 10),
  (159, 10),
  (119, 10),
  (16, 10),
  (91, 10),
  (112, 10),
  (123, 10),
  (212, 10),
  (7, 10),
  (205, 10),
  (13, 10),
  (12, 10),
  (146, 10),
  (98, 10),
  (117, 10),
  (165, 10),
  (169, 11),
  (14, 11),
  (37, 11),
  (36, 11),
  (202, 11),
  (148, 11),
  (8, 11),
  (182, 11),
  (111, 11),
  (109, 11),
  (94, 11),
  (163, 11),
  (205, 11),
  (117, 11),
  (97, 11),
  (179, 11),
  (64, 12),
  (213, 12),
  (177, 12),
  (183, 12),
  (129, 12),
  (87, 12),
  (76, 12),
  (118, 13),
  (116, 13),
  (162, 13),
  (126, 13),
  (46, 13),
  (74, 13),
  (59, 13),
  (131, 13),
  (61, 13),
  (71, 13),
  (209, 13),
  (4, 13),
  (79, 13),
  (120, 13),
  (69, 13),
  (90, 14),
  (132, 14),
  (161, 14),
  (16, 14),
  (95, 14),
  (181, 14),
  (123, 14),
  (6, 14),
  (3, 14),
  (14, 15),
  (49, 15),
  (84, 15),
  (156, 15),
  (95, 15),
  (12, 15);

INSERT INTO `visitors` (`visitor_id`, `name`, `visit_date`, `entry_time`, `exit_time`) VALUES
  (1, 'Dr Gerard Wallace', 2025-10-29, 2025-10-29 11:01:40, 2025-10-29 11:44:40),
  (2, 'Miss Mandy Pratt', 2025-10-25, 2025-10-25 09:26:19, 2025-10-25 12:15:19),
  (3, 'Chloe Brown', 2025-10-12, 2025-10-12 16:48:44, 2025-10-12 18:35:44),
  (4, 'Mr Alex Oliver', 2025-10-21, 2025-10-21 11:25:49, 2025-10-21 14:41:49),
  (5, 'Mohammad Bradley', 2025-11-03, 2025-11-03 15:46:13, 2025-11-03 19:31:13),
  (6, 'Patrick Kelly', 2025-11-06, 2025-11-06 16:12:11, 2025-11-06 18:50:11),
  (7, 'Jake Poole', 2025-11-23, 2025-11-23 12:37:33, 2025-11-23 13:42:33),
  (8, 'Dr Barry Mills', 2025-10-25, 2025-10-25 15:31:47, 2025-10-25 16:11:47),
  (9, 'Mr Carl Hughes', 2025-11-04, 2025-11-04 13:39:20, 2025-11-04 15:46:20),
  (10, 'Katherine Brennan', 2025-10-22, 2025-10-22 14:48:01, 2025-10-22 18:46:01),
  (11, 'Ms Emily John', 2025-09-25, 2025-09-25 14:41:33, 2025-09-25 17:05:33),
  (12, 'Ms Marion Moss', 2025-10-31, 2025-10-31 14:13:51, 2025-10-31 16:24:51),
  (13, 'Dr Cheryl Craig', 2025-10-01, 2025-10-01 14:21:39, 2025-10-01 16:50:39),
  (14, 'Carl Jenkins-Dobson', 2025-10-26, 2025-10-26 10:42:42, 2025-10-26 13:20:42),
  (15, 'Dr Charlie Jones', 2025-11-10, 2025-11-10 11:54:25, 2025-11-10 13:15:25);

INSERT INTO `exhibition_visits` (`visit_id`, `visitor_id`, `exhibition_id`, `entry_time`, `exit_time`) VALUES
  (1, 1, 15, 2025-10-29 11:08:40, 2025-10-29 11:19:40),
  (2, 2, 2, 2025-10-25 09:30:19, 2025-10-25 09:51:19),
  (3, 3, 10, 2025-10-12 17:00:44, 2025-10-12 17:30:44),
  (4, 3, 6, 2025-10-12 17:40:44, 2025-10-12 18:19:44),
  (5, 4, 15, 2025-10-21 11:34:49, 2025-10-21 12:07:49),
  (6, 5, 13, 2025-11-03 16:01:13, 2025-11-03 16:23:13),
  (7, 6, 11, 2025-11-06 16:21:11, 2025-11-06 16:44:11),
  (8, 6, 15, 2025-11-06 16:54:11, 2025-11-06 17:13:11),
  (9, 6, 6, 2025-11-06 17:17:11, 2025-11-06 17:55:11),
  (10, 6, 2, 2025-11-06 18:05:11, 2025-11-06 18:30:11),
  (11, 7, 7, 2025-11-23 12:50:33, 2025-11-23 13:34:33),
  (12, 8, 6, 2025-10-25 15:37:47, 2025-10-25 15:58:47),
  (13, 9, 2, 2025-11-04 13:46:20, 2025-11-04 14:15:20),
  (14, 9, 3, 2025-11-04 14:17:20, 2025-11-04 14:28:20),
  (15, 9, 10, 2025-11-04 14:38:20, 2025-11-04 15:15:20),
  (16, 10, 10, 2025-10-22 15:01:01, 2025-10-22 15:17:01),
  (17, 10, 2, 2025-10-22 15:24:01, 2025-10-22 16:09:01),
  (18, 10, 6, 2025-10-22 16:19:01, 2025-10-22 16:47:01),
  (19, 10, 15, 2025-10-22 16:50:01, 2025-10-22 17:25:01),
  (20, 11, 6, 2025-09-25 14:56:33, 2025-09-25 15:36:33),
  (21, 11, 9, 2025-09-25 15:49:33, 2025-09-25 16:03:33),
  (22, 12, 3, 2025-10-31 14:30:51, 2025-10-31 14:56:51),
  (23, 12, 10, 2025-10-31 15:02:51, 2025-10-31 15:13:51),
  (24, 12, 2, 2025-10-31 15:15:51, 2025-10-31 15:31:51),
  (25, 13, 10, 2025-10-01 14:24:39, 2025-10-01 14:43:39),
  (26, 13, 9, 2025-10-01 14:46:39, 2025-10-01 15:10:39),
  (27, 14, 15, 2025-10-26 10:42:42, 2025-10-26 10:53:42),
  (28, 14, 2, 2025-10-26 10:59:42, 2025-10-26 11:32:42),
  (29, 14, 6, 2025-10-26 11:36:42, 2025-10-26 11:49:42),
  (30, 15, 10, 2025-11-10 12:08:25, 2025-11-10 12:29:25);

COMMIT;
