SET autocommit=0;
START TRANSACTION;

INSERT INTO `rooms` (`room_id`, `name`, `floor`) VALUES
  (1, 'Room 1', 1),
  (2, 'Room 2', 0),
  (3, 'Room 3', 2),
  (4, 'Room 4', 1),
  (5, 'Room 5', 1),
  (6, 'Room 6', 2),
  (7, 'Room 7', 1),
  (8, 'Room 8', 2),
  (9, 'Room 9', 0),
  (10, 'Room 10', 1),
  (11, 'Room 11', 0),
  (12, 'Room 12', 2),
  (13, 'Room 13', 0),
  (14, 'Room 14', 0),
  (15, 'Room 15', 1);

INSERT INTO `exhibitions` (`exhibition_id`, `name`, `exhibition_start`, `exhibition_end`, `room_id`) VALUES
  (1, 'Exhibition 1', 2025-12-19, 2026-01-26, 4),
  (2, 'Exhibition 2', 2025-12-09, 2026-02-05, 10),
  (3, 'Exhibition 3', 2025-09-15, 2025-10-01, 13),
  (4, 'Exhibition 4', 2025-09-27, 2025-11-02, 10),
  (5, 'Exhibition 5', 2025-10-18, 2025-11-05, 5),
  (6, 'Exhibition 6', 2025-09-19, 2025-11-13, 4),
  (7, 'Exhibition 7', 2025-11-12, 2025-12-20, 9),
  (8, 'Exhibition 8', 2025-09-11, 2025-09-20, 13),
  (9, 'Exhibition 9', 2025-12-23, 2026-02-09, 11),
  (10, 'Exhibition 10', 2025-12-19, 2026-01-13, 6),
  (11, 'Exhibition 11', 2025-11-04, 2025-11-20, 5),
  (12, 'Exhibition 12', 2025-12-23, 2026-02-14, 15),
  (13, 'Exhibition 13', 2025-09-11, 2025-09-13, 6),
  (14, 'Exhibition 14', 2025-10-05, 2025-11-30, 11),
  (15, 'Exhibition 15', 2025-08-27, 2025-10-02, 14);

INSERT INTO `exhibits` (`exhibit_id`, `name`, `author`) VALUES
  (1, 'Ipsam Molestiae', 'Pieter Stashkov'),
  (2, 'Exercitationem Excepturi', 'Gregory Taylor'),
  (3, 'Laborum Reiciendis', 'Dr Keith Price'),
  (4, 'Reprehenderit Vero', 'Pieter Stashkov'),
  (5, 'Assumenda Corporis', 'Henry Carpenter'),
  (6, 'Ea Eveniet', 'Pieter Stashkov'),
  (7, 'Earum Ad', 'Hollie Smith-Holland'),
  (8, 'Facilis Suscipit', 'Malcolm Jenkins-Allen'),
  (9, 'Est A', 'Sean Fletcher'),
  (10, 'Perferendis Placeat', 'Miss Helen O''Donnell'),
  (11, 'At Voluptate', 'Norman Graham'),
  (12, 'Eos Cupiditate', 'Mohamed Phillips'),
  (13, 'Id Reiciendis', 'William Barry'),
  (14, 'Corrupti Eaque', 'Edward Martin'),
  (15, 'Odit Provident', 'Ms Claire Brown'),
  (16, 'Aut Eligendi', 'Donald Smith'),
  (17, 'Aspernatur Facere', 'Ms Yvonne Brown'),
  (18, 'Velit Temporibus', 'Pieter Stashkov'),
  (19, 'Facere Pariatur', 'Rhys Allen'),
  (20, 'Omnis Eius', 'Dr Bernard Rogers'),
  (21, 'Deserunt Enim', 'Marc Jones'),
  (22, 'Harum Asperiores', 'Miss Andrea Russell'),
  (23, 'Non Amet', 'Scott Evans'),
  (24, 'Doloremque Atque', 'Molly Fowler-Palmer'),
  (25, 'Fugit Ipsa', 'Jake Fraser-Warner'),
  (26, 'Nesciunt Laboriosam', 'Dr Gordon Lane'),
  (27, 'Natus Quae', 'Pieter Stashkov'),
  (28, 'Sapiente Excepturi', 'Luke Johnson'),
  (29, 'Magni Natus', 'Pieter Stashkov'),
  (30, 'Pariatur Libero', 'Barbara Pearce-Atkinson'),
  (31, 'Et Dignissimos', 'Bethany Wilson-Turner'),
  (32, 'Perferendis Voluptatibus', 'Pieter Stashkov'),
  (33, 'Maxime Possimus', 'Angela Buckley'),
  (34, 'Expedita Accusantium', 'Pieter Stashkov'),
  (35, 'Cum Ab', 'Dr Alan Abbott'),
  (36, 'Odio Temporibus', 'Mrs Rita Warner'),
  (37, 'Occaecati Praesentium', 'Ms Lynda Davison'),
  (38, 'Quidem Error', 'Mr Jack Mahmood'),
  (39, 'Magni Ut', 'Bruce Banks'),
  (40, 'Maiores Magni', 'George Smith'),
  (41, 'Molestias Facere', 'Pieter Stashkov'),
  (42, 'Tempore Eius', 'Mr Charlie Parker'),
  (43, 'Non Culpa', 'Jade Bartlett'),
  (44, 'Odit Officiis', 'Pieter Stashkov'),
  (45, 'Nihil Consequuntur', 'Cameron Smith'),
  (46, 'Nobis Harum', 'Ms Olivia Stanley'),
  (47, 'Reiciendis Veritatis', 'Adam Gray'),
  (48, 'Cumque A', 'Dr Mitchell Adams'),
  (49, 'Cupiditate Occaecati', 'Pieter Stashkov'),
  (50, 'Dolor Tempora', 'Mr Stuart Bradley'),
  (51, 'Quasi Dolor', 'Denise Lawrence'),
  (52, 'Quidem Enim', 'Pieter Stashkov'),
  (53, 'Tenetur Facilis', 'Neil Rogers'),
  (54, 'Impedit Ipsum', 'Pieter Stashkov'),
  (55, 'Nam Vitae', 'Pieter Stashkov'),
  (56, 'Architecto Magnam', 'Pieter Stashkov'),
  (57, 'Earum Facilis', 'Pieter Stashkov'),
  (58, 'Tempora Commodi', 'Bethany Wood-Roberts'),
  (59, 'Repellat Ipsam', 'Dr Lisa Nelson'),
  (60, 'Animi Suscipit', 'Roger Smith-Ashton'),
  (61, 'Molestias Repellat', 'Michael Burton'),
  (62, 'Mollitia Excepturi', 'Jonathan Jones'),
  (63, 'Eligendi Eius', 'Dr Pamela Norton'),
  (64, 'Veritatis Dolores', 'Elliot Peacock'),
  (65, 'Ratione Cumque', 'Cameron Edwards'),
  (66, 'Blanditiis Quaerat', 'Joshua Evans'),
  (67, 'Ea Consectetur', 'Olivia Wilson'),
  (68, 'Quam Pariatur', 'Nathan Hill'),
  (69, 'A Repellendus', 'Gregory Khan-Jones'),
  (70, 'Magni Itaque', 'Mrs Brenda Williamson'),
  (71, 'Officiis Voluptates', 'Sylvia Brennan'),
  (72, 'Omnis Inventore', 'Mathew Humphreys'),
  (73, 'Consectetur Eveniet', 'Catherine Simmons-Gray'),
  (74, 'Alias Iusto', 'Dr Harry Jones'),
  (75, 'Quod Voluptates', 'Dr Gail Bates'),
  (76, 'Distinctio Eligendi', 'Dr Phillip Williams'),
  (77, 'Aliquid Nemo', 'Denis Lewis'),
  (78, 'Est Magni', 'Gerald Powell'),
  (79, 'Ad Repellat', 'Sally Pearce'),
  (80, 'Quo Minus', 'Hollie Dawson'),
  (81, 'Illo Cumque', 'Jacob Wilkinson'),
  (82, 'Blanditiis Deserunt', 'Leigh Hughes'),
  (83, 'Reprehenderit Dolores', 'Stewart Thomas-Harris'),
  (84, 'Officia Dignissimos', 'Pieter Stashkov'),
  (85, 'Deserunt Ullam', 'Pieter Stashkov'),
  (86, 'Ratione Molestias', 'Robert Gregory'),
  (87, 'Incidunt Voluptatibus', 'Victor Fletcher'),
  (88, 'Necessitatibus Autem', 'Frank Bell'),
  (89, 'Inventore Autem', 'Dr Joseph White'),
  (90, 'Voluptate Accusamus', 'Dominic Scott'),
  (91, 'Placeat Libero', 'Pieter Stashkov'),
  (92, 'Hic Quasi', 'Pieter Stashkov'),
  (93, 'Itaque Voluptatem', 'Mrs Holly Daniels'),
  (94, 'Unde Laborum', 'Dawn Phillips'),
  (95, 'Nemo Quas', 'Joel Hunt'),
  (96, 'Soluta Itaque', 'Charlotte O''Sullivan'),
  (97, 'Laboriosam In', 'Pieter Stashkov'),
  (98, 'Corrupti Voluptatibus', 'Pieter Stashkov'),
  (99, 'Repellat Totam', 'Jemma Douglas'),
  (100, 'Ipsa In', 'Gerald Hammond'),
  (101, 'Aspernatur Aut', 'Pieter Stashkov'),
  (102, 'Sit Iusto', 'Grace Day'),
  (103, 'Perferendis Deserunt', 'Arthur Lowe'),
  (104, 'Accusamus Tempora', 'Miss Fiona Morgan'),
  (105, 'Totam Optio', 'Mr Jake Patel'),
  (106, 'Quam Eos', 'Chelsea Wilson'),
  (107, 'Mollitia Nobis', 'Cameron Pollard'),
  (108, 'Natus Commodi', 'Jill Hutchinson'),
  (109, 'Rerum At', 'Frances Price'),
  (110, 'Quae Et', 'Brett Mann'),
  (111, 'Mollitia Eos', 'Dr Joanne Smith'),
  (112, 'Rerum Reiciendis', 'Gareth Law'),
  (113, 'Adipisci Eaque', 'Carole Ward'),
  (114, 'Explicabo Maxime', 'Hugh Walker'),
  (115, 'Dolorum Sit', 'Pieter Stashkov'),
  (116, 'Ratione Deleniti', 'Kayleigh Matthews'),
  (117, 'Reiciendis Molestiae', 'Pieter Stashkov'),
  (118, 'Explicabo Sed', 'Miss Katy Taylor'),
  (119, 'A Mollitia', 'Pieter Stashkov'),
  (120, 'Cumque Nesciunt', 'Owen Field'),
  (121, 'Temporibus Iusto', 'Sandra Edwards'),
  (122, 'Aliquid Ducimus', 'Leonard Turner'),
  (123, 'Cum Cum', 'Ronald Ball'),
  (124, 'Ex Accusantium', 'Dr Janice Carter'),
  (125, 'Rerum Saepe', 'Mark Thomas'),
  (126, 'Quae Aliquam', 'Mr Gordon Jones'),
  (127, 'Expedita Porro', 'Lucy Houghton'),
  (128, 'In Quisquam', 'Pieter Stashkov'),
  (129, 'Occaecati Officiis', 'Pieter Stashkov'),
  (130, 'Rem Quae', 'Alan Ali'),
  (131, 'Veritatis Itaque', 'Pieter Stashkov'),
  (132, 'Quia Ut', 'Andrea Higgins'),
  (133, 'Optio Blanditiis', 'Ms Carolyn Butler'),
  (134, 'Id Neque', 'Helen Harvey'),
  (135, 'Eos Soluta', 'Georgina Moss'),
  (136, 'Minus Eius', 'Dr Aaron Johnston'),
  (137, 'Similique Sed', 'Mrs Emily Hargreaves'),
  (138, 'Excepturi Inventore', 'Dr Mohammad Thorpe'),
  (139, 'Nulla Unde', 'Mr Kieran Francis'),
  (140, 'Saepe Quidem', 'Mrs Yvonne Curtis'),
  (141, 'Omnis Molestias', 'Sylvia Webb'),
  (142, 'Ab Eius', 'Angela Chandler'),
  (143, 'Magni Libero', 'Kieran O''Connor'),
  (144, 'Repellat Quas', 'Max Cooke'),
  (145, 'Hic Enim', 'Wendy Khan'),
  (146, 'Adipisci Consectetur', 'Leigh Mitchell'),
  (147, 'Consequatur Tenetur', 'Pieter Stashkov'),
  (148, 'Necessitatibus Quo', 'Elliot Holmes'),
  (149, 'Officiis Laborum', 'Dennis Field-Griffiths'),
  (150, 'Doloremque Voluptas', 'Miss Lindsey Nicholson'),
  (151, 'Cumque Fugiat', 'Emma Roberts'),
  (152, 'Nemo Accusamus', 'Nathan Fuller-Holmes'),
  (153, 'Odit Aspernatur', 'Denise Evans'),
  (154, 'Molestias Natus', 'Donald Wood'),
  (155, 'Magnam Iure', 'Tracey Thompson'),
  (156, 'Excepturi Distinctio', 'Abdul Watson'),
  (157, 'Quos Hic', 'Donald Greenwood'),
  (158, 'Repudiandae Veritatis', 'Nicole Thomas'),
  (159, 'Suscipit Perferendis', 'Joel Pope'),
  (160, 'Inventore Asperiores', 'Clifford Hartley-Johnson'),
  (161, 'Cum Reprehenderit', 'Pieter Stashkov'),
  (162, 'Nobis Sint', 'Martin Goodwin'),
  (163, 'Perferendis Reiciendis', 'Glenn Rose-Gilbert'),
  (164, 'Totam Ad', 'Pieter Stashkov'),
  (165, 'Nulla Assumenda', 'Jean Doyle'),
  (166, 'Occaecati Perspiciatis', 'Ms Marilyn Richardson'),
  (167, 'Autem Quos', 'Natalie Rice-Butcher'),
  (168, 'Nisi Voluptatem', 'Mr Dale Cole'),
  (169, 'Harum Repudiandae', 'Marc Evans'),
  (170, 'Maxime In', 'Edward Davies'),
  (171, 'Possimus Eligendi', 'Pieter Stashkov'),
  (172, 'Perspiciatis Iusto', 'Pieter Stashkov'),
  (173, 'Accusamus Mollitia', 'Pieter Stashkov'),
  (174, 'Adipisci Repellendus', 'Sandra Clarke'),
  (175, 'Doloribus Occaecati', 'Dr Rosie Perkins'),
  (176, 'Adipisci Iusto', 'Pieter Stashkov'),
  (177, 'Alias Dignissimos', 'Miss Stacey Wilson'),
  (178, 'Neque Earum', 'Gavin Hill'),
  (179, 'Similique Libero', 'Bethany Parry'),
  (180, 'Est Veniam', 'Vincent Hodgson'),
  (181, 'Distinctio Exercitationem', 'Mr Lawrence Collins'),
  (182, 'Exercitationem Odit', 'Jayne Wilkinson'),
  (183, 'Repellat Facere', 'Lydia Singh-Lewis'),
  (184, 'Omnis Saepe', 'Mrs Julie Sanderson'),
  (185, 'Esse Rerum', 'Miss Amelia Walker'),
  (186, 'Est Error', 'Josephine Brennan'),
  (187, 'Quidem Cum', 'Simon Thornton'),
  (188, 'Ab Aut', 'Damien Edwards'),
  (189, 'Tempora Repudiandae', 'Valerie Reeves'),
  (190, 'Incidunt Aperiam', 'Sylvia Wright-Burton'),
  (191, 'Eos Deleniti', 'Miss Jennifer Young'),
  (192, 'Quis Debitis', 'Callum Day'),
  (193, 'Fuga Illum', 'Helen Hall'),
  (194, 'Occaecati Blanditiis', 'Jason Clark-Bibi'),
  (195, 'Quo Sapiente', 'Duncan Cooper'),
  (196, 'Exercitationem Inventore', 'Nathan Wallace'),
  (197, 'Alias Fugit', 'Mrs Wendy Dyer'),
  (198, 'Veniam Ipsam', 'Hollie Jones'),
  (199, 'Nostrum Magni', 'Ms Clare Brennan'),
  (200, 'Iure Quaerat', 'Leah Hall'),
  (201, 'Eius Doloribus', 'Leah Davis-Wallis'),
  (202, 'Quia Ducimus', 'Lauren Gardner'),
  (203, 'Necessitatibus Officiis', 'Jacob Spencer'),
  (204, 'Saepe Expedita', 'Simon Roberts'),
  (205, 'Aut Nulla', 'Patricia Stevens'),
  (206, 'Culpa Sed', 'Robin Hardy'),
  (207, 'Omnis Aliquam', 'Mr Cameron Duffy'),
  (208, 'Aliquid Sequi', 'Jessica Clayton'),
  (209, 'Harum Eum', 'Mr Kyle Steele'),
  (210, 'Provident Expedita', 'Miss Rebecca Garner'),
  (211, 'Aliquam Harum', 'Dylan Newman-Thomas'),
  (212, 'Error Culpa', 'Geoffrey Price'),
  (213, 'Totam Laboriosam', 'Francesca Burke'),
  (214, 'Atque Sunt', 'Ms Shirley Carroll'),
  (215, 'Consequatur Quo', 'Patrick Rahman-Watson'),
  (216, 'Facilis Libero', 'Jill Whitehead'),
  (217, 'Id Saepe', 'Kathleen Gallagher'),
  (218, 'Corporis Ut', 'Josh Brennan'),
  (219, 'Expedita Aspernatur', 'Vanessa Green'),
  (220, 'Beatae Atque', 'Pieter Stashkov'),
  (221, 'Quia Quasi', 'Miss Kelly Robson'),
  (222, 'Nulla Maiores', 'Brian Lewis'),
  (223, 'Quia Eum', 'Rita Watkins'),
  (224, 'Labore Modi', 'Simon Riley'),
  (225, 'Error Totam', 'Ian Thompson');

INSERT INTO `exhibit_exhibitions` (`fk_exhibit_id`, `fk_exhibition_id`) VALUES
  (187, 1),
  (130, 1),
  (34, 1),
  (197, 1),
  (204, 1),
  (18, 1),
  (74, 1),
  (52, 1),
  (215, 1),
  (206, 1),
  (155, 1),
  (36, 1),
  (95, 1),
  (83, 1),
  (68, 1),
  (88, 1),
  (191, 1),
  (29, 2),
  (179, 2),
  (156, 2),
  (161, 2),
  (3, 2),
  (98, 2),
  (200, 2),
  (123, 3),
  (97, 3),
  (218, 3),
  (85, 3),
  (189, 3),
  (222, 3),
  (73, 3),
  (225, 3),
  (24, 3),
  (119, 3),
  (116, 3),
  (220, 3),
  (65, 4),
  (18, 4),
  (138, 4),
  (132, 4),
  (127, 4),
  (42, 4),
  (92, 4),
  (179, 4),
  (133, 4),
  (19, 4),
  (141, 4),
  (21, 4),
  (28, 4),
  (155, 5),
  (169, 5),
  (206, 5),
  (75, 5),
  (209, 5),
  (63, 5),
  (163, 5),
  (174, 5),
  (20, 6),
  (120, 6),
  (6, 6),
  (200, 6),
  (74, 6),
  (1, 6),
  (89, 6),
  (41, 6),
  (166, 6),
  (205, 6),
  (104, 6),
  (33, 6),
  (62, 6),
  (2, 6),
  (53, 6),
  (149, 7),
  (5, 7),
  (20, 7),
  (202, 7),
  (50, 7),
  (68, 7),
  (114, 7),
  (110, 7),
  (2, 7),
  (105, 7),
  (85, 7),
  (133, 7),
  (109, 7),
  (132, 7),
  (141, 8),
  (96, 8),
  (9, 8),
  (199, 8),
  (73, 8),
  (102, 8),
  (159, 8),
  (207, 8),
  (92, 8),
  (71, 8),
  (198, 8),
  (57, 8),
  (44, 8),
  (203, 8),
  (20, 8),
  (76, 8),
  (155, 8),
  (25, 9),
  (159, 9),
  (6, 9),
  (93, 9),
  (4, 9),
  (144, 9),
  (117, 9),
  (32, 9),
  (49, 9),
  (26, 9),
  (37, 9),
  (204, 9),
  (125, 9),
  (91, 9),
  (210, 9),
  (118, 9),
  (95, 9),
  (170, 9),
  (69, 9),
  (96, 9),
  (43, 10),
  (204, 10),
  (5, 10),
  (27, 10),
  (148, 10),
  (156, 10),
  (63, 10),
  (110, 10),
  (168, 10),
  (22, 10),
  (38, 10),
  (55, 10),
  (46, 11),
  (171, 11),
  (93, 11),
  (153, 11),
  (57, 11),
  (150, 11),
  (170, 11),
  (183, 11),
  (199, 11),
  (26, 11),
  (42, 11),
  (3, 12),
  (116, 12),
  (147, 12),
  (145, 12),
  (108, 12),
  (29, 12),
  (161, 12),
  (173, 12),
  (183, 12),
  (175, 12),
  (25, 12),
  (218, 12),
  (177, 12),
  (169, 12),
  (142, 12),
  (196, 12),
  (163, 12),
  (182, 12),
  (79, 12),
  (108, 13),
  (29, 13),
  (196, 13),
  (42, 13),
  (73, 13),
  (124, 13),
  (149, 13),
  (70, 13),
  (133, 13),
  (153, 13),
  (118, 13),
  (81, 13),
  (205, 13),
  (154, 13),
  (201, 13),
  (52, 13),
  (222, 13),
  (47, 13),
  (44, 13),
  (203, 13),
  (192, 14),
  (62, 14),
  (116, 14),
  (37, 14),
  (162, 14),
  (73, 14),
  (128, 14),
  (93, 14),
  (80, 14),
  (105, 15),
  (50, 15),
  (183, 15),
  (9, 15),
  (188, 15),
  (213, 15),
  (36, 15),
  (216, 15),
  (94, 15),
  (118, 15),
  (102, 15);

INSERT INTO `visitors` (`visitor_id`, `name`, `visit_date`, `entry_time`, `exit_time`) VALUES
  (1, 'Jessica Young-Smith', 2025-10-08, 2025-10-08 12:22:32, 2025-10-08 13:28:32),
  (2, 'Martyn Jackson', 2025-11-01, 2025-11-01 16:20:49, 2025-11-01 19:03:49),
  (3, 'Mr Owen Butler', 2025-10-28, 2025-10-28 17:13:23, 2025-10-28 18:31:23),
  (4, 'Gerard Smith', 2025-09-27, 2025-09-27 16:00:50, 2025-09-27 19:05:50),
  (5, 'George Smith', 2025-10-13, 2025-10-13 14:00:29, 2025-10-13 14:50:29),
  (6, 'Mr Brian Nixon', 2025-11-01, 2025-11-01 17:30:25, 2025-11-01 18:42:25),
  (7, 'Mr Raymond Iqbal', 2025-11-10, 2025-11-10 09:38:03, 2025-11-10 13:35:03),
  (8, 'Dennis Stewart', 2025-11-20, 2025-11-20 14:52:05, 2025-11-20 16:14:05),
  (9, 'Carol Collier', 2025-09-26, 2025-09-26 13:58:01, 2025-09-26 17:52:01),
  (10, 'Daniel Lawrence', 2025-10-09, 2025-10-09 17:25:16, 2025-10-09 18:40:16),
  (11, 'Dr Jemma Mason', 2025-11-10, 2025-11-10 16:36:32, 2025-11-10 18:26:32),
  (12, 'Dr Albert Russell', 2025-11-24, 2025-11-24 16:00:53, 2025-11-24 16:56:53),
  (13, 'Dr Shane Lees', 2025-09-26, 2025-09-26 09:37:39, 2025-09-26 13:01:39),
  (14, 'Dr Thomas Baker', 2025-10-01, 2025-10-01 15:43:49, 2025-10-01 16:51:49),
  (15, 'Joel Bull-Rowe', 2025-11-14, 2025-11-14 14:41:25, 2025-11-14 15:52:25);

INSERT INTO `exhibition_visits` (`visit_id`, `visitor_id`, `exhibition_id`, `entry_time`, `exit_time`) VALUES
  (1, 1, 14, 2025-10-08 12:40:32, 2025-10-08 13:11:32),
  (2, 2, 4, 2025-11-01 16:31:49, 2025-11-01 17:07:49),
  (3, 2, 14, 2025-11-01 17:10:49, 2025-11-01 17:41:49),
  (4, 2, 6, 2025-11-01 17:43:49, 2025-11-01 18:17:49),
  (5, 3, 4, 2025-10-28 17:17:23, 2025-10-28 17:56:23),
  (6, 3, 6, 2025-10-28 18:09:23, 2025-10-28 18:20:23),
  (7, 4, 6, 2025-09-27 16:12:50, 2025-09-27 16:47:50),
  (8, 4, 15, 2025-09-27 16:51:50, 2025-09-27 17:31:50),
  (9, 4, 3, 2025-09-27 17:45:50, 2025-09-27 18:23:50),
  (10, 4, 4, 2025-09-27 18:33:50, 2025-09-27 18:57:50),
  (11, 6, 14, 2025-11-01 17:45:25, 2025-11-01 17:59:25),
  (12, 6, 4, 2025-11-01 18:06:25, 2025-11-01 18:41:25),
  (13, 7, 14, 2025-11-10 09:46:03, 2025-11-10 10:08:03),
  (14, 7, 11, 2025-11-10 10:16:03, 2025-11-10 10:39:03),
  (15, 7, 6, 2025-11-10 10:50:03, 2025-11-10 11:23:03),
  (16, 8, 11, 2025-11-20 15:07:05, 2025-11-20 15:21:05),
  (17, 8, 7, 2025-11-20 15:24:05, 2025-11-20 16:03:05),
  (18, 9, 3, 2025-09-26 14:03:01, 2025-09-26 14:48:01),
  (19, 9, 6, 2025-09-26 14:59:01, 2025-09-26 15:19:01),
  (20, 9, 15, 2025-09-26 15:33:01, 2025-09-26 15:58:01),
  (21, 10, 14, 2025-10-09 17:32:16, 2025-10-09 18:14:16),
  (22, 11, 11, 2025-11-10 16:41:32, 2025-11-10 17:17:32),
  (23, 11, 6, 2025-11-10 17:20:32, 2025-11-10 17:53:32),
  (24, 12, 14, 2025-11-24 16:05:53, 2025-11-24 16:29:53),
  (25, 12, 7, 2025-11-24 16:40:53, 2025-11-24 16:55:53),
  (26, 13, 3, 2025-09-26 09:42:39, 2025-09-26 10:21:39),
  (27, 13, 15, 2025-09-26 10:34:39, 2025-09-26 10:59:39),
  (28, 13, 6, 2025-09-26 11:07:39, 2025-09-26 11:20:39),
  (29, 14, 6, 2025-10-01 16:02:49, 2025-10-01 16:32:49),
  (30, 15, 7, 2025-11-14 14:42:25, 2025-11-14 15:20:25);

COMMIT;
